plotID,collectDate,richness
BART_002,2016-05-10,3
BART_002,2016-05-24,3
BART_002,2016-06-07,1
BART_002,2016-06-21,4
BART_002,2016-07-05,3
BART_002,2016-07-19,4
BART_002,2016-08-02,1
BART_002,2016-08-16,2
BART_002,2016-08-30,3
BART_002,2016-09-13,3
BART_002,2017-05-17,1
BART_002,2017-05-31,1
BART_002,2017-06-14,3
BART_002,2017-06-28,2
BART_002,2017-07-12,3
BART_002,2017-07-26,3
BART_002,2017-08-09,4
BART_002,2017-08-23,4
BART_002,2017-09-06,2
BART_002,2017-09-20,3
BART_002,2018-05-17,2
BART_002,2018-05-31,3
BART_002,2018-06-14,2
BART_002,2018-06-28,3
BART_002,2018-07-12,5
BART_002,2018-07-26,7
BART_002,2018-08-09,5
BART_002,2018-08-23,4
BART_002,2018-09-06,7
BART_002,2018-09-20,3
BART_002,2019-05-29,1
BART_002,2019-06-12,3
BART_002,2019-06-26,6
BART_002,2019-07-10,6
BART_002,2019-07-24,6
BART_002,2019-08-07,6
BART_002,2019-08-21,3
BART_002,2019-09-04,5
BART_002,2019-09-18,3
BART_002,2019-10-02,1
BART_002,2020-08-05,2
BART_002,2020-08-19,5
BART_002,2020-09-02,2
BART_002,2020-09-16,6
BART_002,2021-06-02,3
BART_002,2021-06-16,4
BART_002,2021-06-30,3
BART_002,2021-07-14,2
BART_002,2021-07-28,6
BART_002,2021-08-11,4
BART_002,2021-08-25,3
BART_002,2021-09-08,3
BART_002,2021-09-22,1
BART_002,2022-05-25,5
BART_002,2022-06-08,3
BART_002,2022-06-22,8
BART_002,2022-07-06,5
BART_002,2022-07-20,6
BART_002,2022-08-03,6
BART_002,2022-08-17,5
BART_002,2022-08-31,2
BART_002,2022-09-14,5
BART_002,2023-05-17,2
BART_002,2023-05-31,5
BART_002,2023-06-14,4
BART_002,2023-06-28,7
BART_002,2023-07-12,7
BART_002,2023-07-26,5
BART_002,2023-08-09,2
BART_002,2023-08-23,5
BART_002,2023-09-06,6
BART_002,2023-09-20,2
BART_018,2016-05-10,2
BART_018,2016-05-24,1
BART_018,2016-06-07,2
BART_018,2016-06-21,2
BART_018,2016-07-05,4
BART_018,2016-07-19,2
BART_018,2016-08-02,4
BART_018,2016-08-16,1
BART_018,2016-08-30,1
BART_018,2016-09-13,4
BART_018,2017-05-17,1
BART_018,2017-06-14,3
BART_018,2017-06-28,3
BART_018,2017-07-12,2
BART_018,2017-07-26,3
BART_018,2017-08-09,3
BART_018,2017-08-23,2
BART_018,2017-09-06,2
BART_018,2018-05-17,2
BART_018,2018-05-31,1
BART_018,2018-06-14,3
BART_018,2018-06-28,3
BART_018,2018-07-12,2
BART_018,2018-08-09,4
BART_018,2018-08-23,2
BART_018,2018-09-06,4
BART_018,2018-09-20,2
BART_018,2019-05-29,1
BART_018,2019-06-12,2
BART_018,2019-06-26,5
BART_018,2019-07-10,4
BART_018,2019-07-24,3
BART_018,2019-08-07,4
BART_018,2019-08-21,4
BART_018,2019-09-04,5
BART_018,2019-09-18,2
BART_018,2019-10-02,1
BART_018,2020-08-05,4
BART_018,2020-08-19,3
BART_018,2020-09-02,4
BART_018,2020-09-16,4
BART_018,2021-05-19,2
BART_018,2021-06-02,3
BART_018,2021-06-16,2
BART_018,2021-06-30,5
BART_018,2021-07-14,4
BART_018,2021-07-28,3
BART_018,2021-08-11,3
BART_018,2021-08-25,4
BART_018,2021-09-08,4
BART_018,2021-09-22,1
BART_018,2022-05-25,2
BART_018,2022-06-08,2
BART_018,2022-06-22,6
BART_018,2022-07-06,6
BART_018,2022-07-20,6
BART_018,2022-08-03,1
BART_018,2022-08-17,1
BART_018,2022-08-31,5
BART_018,2022-09-14,1
BART_018,2023-05-17,1
BART_018,2023-05-31,2
BART_018,2023-06-14,2
BART_018,2023-06-28,5
BART_018,2023-07-12,4
BART_018,2023-07-26,6
BART_018,2023-08-09,5
BART_018,2023-08-23,4
BART_018,2023-09-06,3
BART_018,2023-09-20,1
BART_025,2016-05-10,3
BART_025,2016-05-24,3
BART_025,2016-06-07,2
BART_025,2016-06-21,3
BART_025,2016-07-05,4
BART_025,2016-07-19,4
BART_025,2016-08-02,3
BART_025,2016-08-16,2
BART_025,2016-08-30,3
BART_025,2016-09-13,1
BART_025,2017-05-17,2
BART_025,2017-05-31,1
BART_025,2017-06-14,5
BART_025,2017-06-28,5
BART_025,2017-07-12,6
BART_025,2017-07-26,2
BART_025,2017-08-09,4
BART_025,2017-08-23,2
BART_025,2017-09-06,3
BART_025,2017-09-20,4
BART_025,2018-05-16,3
BART_025,2018-05-30,2
BART_025,2018-06-13,1
BART_025,2018-06-27,4
BART_025,2018-07-11,4
BART_025,2018-07-25,4
BART_025,2018-08-08,2
BART_025,2018-08-22,3
BART_025,2018-09-05,5
BART_025,2018-09-19,2
BART_025,2019-06-12,3
BART_025,2019-06-26,7
BART_025,2019-07-10,8
BART_025,2019-07-24,7
BART_025,2019-08-07,6
BART_025,2019-08-21,4
BART_025,2019-09-04,4
BART_025,2019-09-18,5
BART_025,2019-10-02,4
BART_025,2020-08-05,3
BART_025,2020-08-19,6
BART_025,2020-09-02,3
BART_025,2020-09-16,5
BART_025,2021-05-19,1
BART_025,2021-06-02,3
BART_025,2021-06-16,6
BART_025,2021-06-30,7
BART_025,2021-07-14,5
BART_025,2021-07-28,8
BART_025,2021-08-11,7
BART_025,2021-08-25,5
BART_025,2021-09-08,7
BART_025,2021-09-22,3
BART_025,2022-05-25,2
BART_025,2022-06-08,3
BART_025,2022-06-22,5
BART_025,2022-07-06,6
BART_025,2022-07-20,5
BART_025,2022-08-03,7
BART_025,2022-08-17,5
BART_025,2022-08-31,2
BART_025,2022-09-14,3
BART_028,2016-05-10,2
BART_028,2016-05-24,1
BART_028,2016-06-07,3
BART_028,2016-06-21,2
BART_028,2016-07-05,3
BART_028,2016-07-19,2
BART_028,2016-08-02,3
BART_028,2016-08-16,4
BART_028,2016-08-30,3
BART_028,2016-09-13,1
BART_028,2017-05-31,2
BART_028,2017-06-14,2
BART_028,2017-06-28,2
BART_028,2017-07-12,4
BART_028,2017-07-26,5
BART_028,2017-08-09,4
BART_028,2017-08-23,5
BART_028,2017-09-06,1
BART_028,2017-09-20,2
BART_028,2018-05-16,1
BART_028,2018-05-30,1
BART_028,2018-06-13,4
BART_028,2018-06-27,9
BART_028,2018-07-11,4
BART_028,2018-07-25,1
BART_028,2018-08-08,4
BART_028,2018-08-22,4
BART_028,2018-09-05,6
BART_028,2018-09-19,2
BART_028,2019-06-12,3
BART_028,2019-06-26,6
BART_028,2019-07-10,7
BART_028,2019-07-24,4
BART_028,2019-08-07,6
BART_028,2019-08-21,5
BART_028,2019-09-04,4
BART_028,2019-09-18,2
BART_028,2019-10-02,3
BART_028,2020-08-05,4
BART_028,2020-08-19,3
BART_028,2020-09-02,5
BART_028,2020-09-16,1
BART_028,2021-05-19,2
BART_028,2021-06-02,1
BART_028,2021-06-16,6
BART_028,2021-06-30,6
BART_028,2021-07-14,4
BART_028,2021-07-28,4
BART_028,2021-08-11,6
BART_028,2021-08-25,5
BART_028,2021-09-08,2
BART_028,2021-09-22,2
BART_028,2022-05-25,1
BART_028,2022-06-08,4
BART_028,2022-06-22,7
BART_028,2022-07-06,6
BART_028,2022-07-20,5
BART_028,2022-08-03,4
BART_028,2022-08-17,3
BART_028,2022-08-31,7
BART_028,2022-09-14,1
BART_028,2023-05-17,3
BART_028,2023-05-31,3
BART_028,2023-06-14,3
BART_028,2023-06-28,5
BART_028,2023-07-12,5
BART_028,2023-07-26,7
BART_028,2023-08-09,4
BART_028,2023-08-23,4
BART_028,2023-09-06,4
BART_028,2023-09-20,1
BART_031,2016-05-24,1
BART_031,2016-06-07,2
BART_031,2016-06-21,2
BART_031,2016-07-05,1
BART_031,2016-07-19,2
BART_031,2016-08-02,2
BART_031,2016-08-16,3
BART_031,2016-08-30,4
BART_031,2016-09-13,4
BART_031,2017-05-31,4
BART_031,2017-06-28,3
BART_031,2017-07-12,1
BART_031,2017-07-26,4
BART_031,2017-08-23,2
BART_031,2017-09-06,2
BART_031,2017-09-20,2
BART_031,2018-05-16,1
BART_031,2018-06-27,3
BART_031,2018-07-11,4
BART_031,2018-07-25,1
BART_031,2018-08-08,1
BART_031,2018-08-22,2
BART_031,2018-09-05,4
BART_031,2018-09-19,3
BART_031,2019-05-29,2
BART_031,2019-06-12,3
BART_031,2019-06-26,5
BART_031,2019-07-10,5
BART_031,2019-07-24,5
BART_031,2019-08-07,8
BART_031,2019-08-21,5
BART_031,2019-09-04,6
BART_031,2019-09-18,3
BART_031,2019-10-02,1
BART_031,2020-08-05,5
BART_031,2020-08-19,5
BART_031,2020-09-02,3
BART_031,2020-09-16,2
BART_031,2021-05-19,1
BART_031,2021-06-16,5
BART_031,2021-06-30,5
BART_031,2021-07-14,1
BART_031,2021-07-28,4
BART_031,2021-08-11,5
BART_031,2021-08-25,2
BART_031,2021-09-08,4
BART_031,2021-09-22,2
BART_031,2022-05-25,1
BART_031,2022-06-08,2
BART_031,2022-06-22,7
BART_031,2022-07-06,4
BART_031,2022-07-20,4
BART_031,2022-08-03,3
BART_031,2022-08-17,4
BART_031,2022-08-31,3
BART_031,2022-09-14,4
BART_031,2023-05-17,1
BART_031,2023-06-14,2
BART_031,2023-06-28,6
BART_031,2023-07-12,4
BART_031,2023-07-26,6
BART_031,2023-08-09,5
BART_031,2023-08-23,3
BART_031,2023-09-06,5
BART_031,2023-09-20,2
BART_066,2016-05-10,1
BART_066,2016-05-24,1
BART_066,2016-06-07,6
BART_066,2016-06-21,5
BART_066,2016-07-05,4
BART_066,2016-07-19,6
BART_066,2016-08-02,4
BART_066,2016-08-16,2
BART_066,2016-08-30,4
BART_066,2016-09-13,2
BART_066,2017-05-17,2
BART_066,2017-05-31,2
BART_066,2017-06-14,1
BART_066,2017-06-28,3
BART_066,2017-07-12,7
BART_066,2017-07-26,7
BART_066,2017-08-09,5
BART_066,2017-08-23,3
BART_066,2017-09-06,2
BART_066,2017-09-20,2
BART_066,2018-05-16,2
BART_066,2018-05-30,1
BART_066,2018-06-13,2
BART_066,2018-06-27,6
BART_066,2018-07-11,3
BART_066,2018-07-25,4
BART_066,2018-08-08,2
BART_066,2018-08-22,1
BART_066,2018-09-05,2
BART_066,2018-09-19,3
BART_066,2019-05-29,2
BART_066,2019-06-12,4
BART_066,2019-06-26,5
BART_066,2019-07-10,5
BART_066,2019-07-24,6
BART_066,2019-08-07,6
BART_066,2019-08-21,3
BART_066,2019-09-04,5
BART_066,2019-09-18,3
BART_066,2020-08-05,5
BART_066,2020-08-19,7
BART_066,2020-09-02,6
BART_066,2020-09-16,3
BART_066,2021-05-19,2
BART_066,2021-06-02,3
BART_066,2021-06-16,6
BART_066,2021-06-30,8
BART_066,2021-07-14,6
BART_066,2021-07-28,5
BART_066,2021-08-11,8
BART_066,2021-08-25,5
BART_066,2021-09-08,6
BART_066,2021-09-22,2
BART_066,2022-05-25,2
BART_066,2022-06-08,5
BART_066,2022-06-22,6
BART_066,2022-07-06,6
BART_066,2022-07-20,4
BART_066,2022-08-03,6
BART_066,2022-08-17,4
BART_066,2022-08-31,2
BART_066,2022-09-14,2
BART_066,2023-05-17,2
BART_066,2023-05-31,4
BART_066,2023-06-14,4
BART_066,2023-06-28,8
BART_066,2023-07-12,5
BART_066,2023-07-26,5
BART_066,2023-08-09,6
BART_066,2023-08-23,5
BART_066,2023-09-06,7
BART_066,2023-09-20,3
BART_068,2016-05-24,1
BART_068,2016-06-07,3
BART_068,2016-06-21,3
BART_068,2016-07-05,2
BART_068,2016-07-19,2
BART_068,2016-08-02,4
BART_068,2016-08-16,4
BART_068,2016-08-30,5
BART_068,2016-09-13,3
BART_068,2017-05-17,3
BART_068,2017-06-14,2
BART_068,2017-06-28,7
BART_068,2017-07-12,5
BART_068,2017-07-26,4
BART_068,2017-08-09,4
BART_068,2017-08-23,3
BART_068,2017-09-06,1
BART_068,2017-09-20,2
BART_068,2018-05-16,2
BART_068,2018-05-30,4
BART_068,2018-06-13,4
BART_068,2018-06-27,6
BART_068,2018-07-11,4
BART_068,2018-07-25,3
BART_068,2018-08-08,2
BART_068,2018-08-22,2
BART_068,2018-09-05,3
BART_068,2018-09-19,4
BART_068,2019-05-29,1
BART_068,2019-06-12,5
BART_068,2019-06-26,7
BART_068,2019-07-10,7
BART_068,2019-07-24,7
BART_068,2019-08-07,5
BART_068,2019-08-21,5
BART_068,2019-09-04,4
BART_068,2019-09-18,4
BART_068,2019-10-02,1
BART_068,2020-08-05,5
BART_068,2020-08-19,4
BART_068,2020-09-02,2
BART_068,2020-09-16,4
BART_068,2021-05-19,1
BART_068,2021-06-02,2
BART_068,2021-06-16,5
BART_068,2021-06-30,6
BART_068,2021-07-14,7
BART_068,2021-07-28,9
BART_068,2021-08-11,5
BART_068,2021-08-25,4
BART_068,2021-09-08,3
BART_068,2021-09-22,6
BART_068,2022-05-25,2
BART_068,2022-06-08,4
BART_068,2022-06-22,8
BART_068,2022-07-06,6
BART_068,2022-07-20,5
BART_068,2022-08-03,3
BART_068,2022-08-17,4
BART_068,2022-08-31,3
BART_068,2022-09-14,2
BART_079,2016-05-10,1
BART_079,2016-05-24,3
BART_079,2016-06-07,4
BART_079,2016-06-21,5
BART_079,2016-07-05,1
BART_079,2016-07-19,4
BART_079,2016-08-02,1
BART_079,2016-08-16,3
BART_079,2016-08-30,1
BART_079,2016-09-13,7
BART_079,2017-05-17,3
BART_079,2017-05-31,3
BART_079,2017-06-14,1
BART_079,2017-06-28,4
BART_079,2017-07-12,6
BART_079,2017-07-26,3
BART_079,2017-08-09,3
BART_079,2017-08-23,3
BART_079,2017-09-06,1
BART_079,2017-09-20,2
BART_079,2018-05-16,2
BART_079,2018-05-30,3
BART_079,2018-06-13,2
BART_079,2018-06-27,3
BART_079,2018-07-11,5
BART_079,2018-07-25,3
BART_079,2018-08-08,4
BART_079,2018-08-22,5
BART_079,2018-09-05,4
BART_079,2018-09-19,3
BART_079,2019-05-29,3
BART_079,2019-06-12,3
BART_079,2019-06-26,6
BART_079,2019-07-10,3
BART_079,2019-07-24,5
BART_079,2019-08-07,5
BART_079,2019-08-21,3
BART_079,2019-09-04,5
BART_079,2019-09-18,2
BART_079,2019-10-02,2
BART_079,2020-08-05,1
BART_079,2020-08-19,4
BART_079,2020-09-02,6
BART_079,2020-09-16,5
BART_079,2021-05-19,5
BART_079,2021-06-02,3
BART_079,2021-06-16,2
BART_079,2021-06-30,7
BART_079,2021-07-14,6
BART_079,2021-07-28,4
BART_079,2021-08-11,4
BART_079,2021-08-25,6
BART_079,2021-09-08,4
BART_079,2021-09-22,2
BART_079,2022-05-25,3
BART_079,2022-06-08,4
BART_079,2022-06-22,7
BART_079,2022-07-06,4
BART_079,2022-07-20,5
BART_079,2022-08-03,5
BART_079,2022-08-17,4
BART_079,2022-08-31,2
BART_079,2022-09-14,5
BART_079,2023-05-17,4
BART_079,2023-05-31,6
BART_079,2023-06-14,6
BART_079,2023-06-28,3
BART_079,2023-07-12,3
BART_079,2023-07-26,5
BART_079,2023-08-09,4
BART_079,2023-08-23,4
BART_079,2023-09-06,5
BART_079,2023-09-20,4
BART_080,2016-05-24,1
BART_080,2016-06-07,1
BART_080,2016-06-21,6
BART_080,2016-07-05,7
BART_080,2016-07-19,3
BART_080,2016-08-02,3
BART_080,2016-08-16,4
BART_080,2016-08-30,2
BART_080,2016-09-13,3
BART_080,2017-05-17,2
BART_080,2017-05-31,2
BART_080,2017-06-14,5
BART_080,2017-07-12,3
BART_080,2017-07-26,4
BART_080,2017-08-09,3
BART_080,2017-08-23,2
BART_080,2017-09-06,1
BART_080,2017-09-20,6
BART_080,2018-05-16,1
BART_080,2018-05-30,3
BART_080,2018-06-27,2
BART_080,2018-07-11,2
BART_080,2018-07-25,4
BART_080,2018-08-08,4
BART_080,2018-08-22,3
BART_080,2018-09-05,4
BART_080,2018-09-19,3
BART_080,2019-05-29,2
BART_080,2019-06-12,6
BART_080,2019-06-26,4
BART_080,2019-07-10,6
BART_080,2019-07-24,4
BART_080,2019-08-07,5
BART_080,2019-08-21,3
BART_080,2019-09-04,5
BART_080,2019-09-18,3
BART_080,2019-10-02,3
BART_080,2020-08-05,2
BART_080,2020-08-19,5
BART_080,2020-09-02,4
BART_080,2020-09-16,1
BART_080,2021-05-19,4
BART_080,2021-06-02,4
BART_080,2021-06-16,4
BART_080,2021-06-30,8
BART_080,2021-07-14,3
BART_080,2021-07-28,4
BART_080,2021-08-11,4
BART_080,2021-08-25,3
BART_080,2021-09-08,5
BART_080,2021-09-22,4
BART_080,2022-05-25,2
BART_080,2022-06-08,3
BART_080,2022-06-22,5
BART_080,2022-07-06,9
BART_080,2022-07-20,7
BART_080,2022-08-03,5
BART_080,2022-08-17,4
BART_080,2022-08-31,3
BART_080,2022-09-14,3
BART_081,2016-06-07,2
BART_081,2016-06-21,3
BART_081,2016-07-05,2
BART_081,2016-07-19,2
BART_081,2016-08-02,3
BART_081,2016-08-30,3
BART_081,2016-09-13,1
BART_081,2017-05-17,1
BART_081,2017-06-14,3
BART_081,2017-06-28,2
BART_081,2017-07-12,3
BART_081,2017-07-26,5
BART_081,2017-08-09,5
BART_081,2017-08-23,2
BART_081,2017-09-06,2
BART_081,2017-09-20,2
BART_081,2018-05-31,2
BART_081,2018-06-14,4
BART_081,2018-07-12,2
BART_081,2018-07-26,1
BART_081,2018-08-09,3
BART_081,2018-08-23,5
BART_081,2018-09-06,2
BART_081,2018-09-20,4
BART_081,2019-06-12,1
BART_081,2019-06-26,7
BART_081,2019-07-10,6
BART_081,2019-07-24,4
BART_081,2019-08-07,4
BART_081,2019-08-21,3
BART_081,2019-09-04,3
BART_081,2019-09-18,2
BART_081,2019-10-02,1
BART_081,2020-08-05,6
BART_081,2020-08-19,3
BART_081,2020-09-02,2
BART_081,2020-09-16,3
BART_081,2021-05-19,1
BART_081,2021-06-02,2
BART_081,2021-06-16,9
BART_081,2021-06-30,5
BART_081,2021-07-14,4
BART_081,2021-07-28,4
BART_081,2021-08-11,6
BART_081,2021-08-25,6
BART_081,2021-09-08,3
BART_081,2021-09-22,6
BART_081,2022-05-25,2
BART_081,2022-06-14,2
BART_081,2022-07-06,8
BART_081,2022-07-20,6
BART_081,2022-08-03,4
BART_081,2022-08-17,3
BART_081,2022-08-31,4
BART_081,2022-09-14,2
GRSM_001,2016-05-17,1
GRSM_001,2016-06-14,4
GRSM_001,2016-06-28,3
GRSM_001,2016-07-12,3
GRSM_001,2016-07-26,2
GRSM_001,2016-08-09,4
GRSM_001,2016-08-23,2
GRSM_001,2016-09-06,4
GRSM_001,2016-09-20,4
GRSM_001,2017-04-18,3
GRSM_001,2017-05-02,3
GRSM_001,2017-05-16,2
GRSM_001,2017-05-30,4
GRSM_001,2017-06-13,5
GRSM_001,2017-06-27,5
GRSM_001,2017-07-11,4
GRSM_001,2017-07-25,6
GRSM_001,2017-08-08,6
GRSM_001,2017-08-22,4
GRSM_001,2017-09-05,3
GRSM_001,2017-09-19,3
GRSM_001,2018-04-17,2
GRSM_001,2018-05-01,4
GRSM_001,2018-05-15,2
GRSM_001,2018-05-29,4
GRSM_001,2018-06-12,2
GRSM_001,2018-06-26,7
GRSM_001,2018-07-10,5
GRSM_001,2018-07-24,4
GRSM_001,2018-08-07,4
GRSM_001,2018-08-21,1
GRSM_001,2018-09-04,3
GRSM_001,2018-09-18,4
GRSM_001,2019-04-16,3
GRSM_001,2019-04-30,4
GRSM_001,2019-05-14,5
GRSM_001,2019-05-28,4
GRSM_001,2019-06-11,5
GRSM_001,2019-06-25,3
GRSM_001,2019-07-09,5
GRSM_001,2019-07-23,7
GRSM_001,2019-08-06,7
GRSM_001,2019-08-20,1
GRSM_001,2019-09-03,2
GRSM_001,2019-09-17,2
GRSM_001,2020-06-23,7
GRSM_001,2020-07-07,2
GRSM_001,2020-07-21,4
GRSM_001,2021-04-13,1
GRSM_001,2021-04-27,2
GRSM_001,2021-05-11,2
GRSM_001,2021-05-25,2
GRSM_001,2021-06-08,3
GRSM_001,2021-06-22,5
GRSM_001,2021-07-06,6
GRSM_001,2021-07-20,6
GRSM_001,2021-08-03,3
GRSM_001,2021-08-17,3
GRSM_001,2021-08-31,4
GRSM_001,2021-09-14,3
GRSM_001,2022-04-12,2
GRSM_001,2022-04-26,2
GRSM_001,2022-05-10,3
GRSM_001,2022-05-24,4
GRSM_001,2022-06-07,4
GRSM_001,2022-06-21,6
GRSM_001,2022-07-05,3
GRSM_001,2022-07-19,2
GRSM_001,2022-08-02,4
GRSM_001,2022-08-16,3
GRSM_001,2022-08-30,2
GRSM_001,2022-09-13,2
GRSM_001,2023-04-11,2
GRSM_001,2023-04-25,2
GRSM_001,2023-05-09,2
GRSM_001,2023-05-23,3
GRSM_001,2023-06-06,3
GRSM_001,2023-06-20,3
GRSM_001,2023-07-04,1
GRSM_001,2023-07-18,2
GRSM_001,2023-08-01,2
GRSM_001,2023-08-15,3
GRSM_001,2023-08-29,2
GRSM_001,2023-09-12,2
GRSM_001,2023-09-26,2
GRSM_006,2016-05-17,2
GRSM_006,2016-05-31,2
GRSM_006,2016-06-28,3
GRSM_006,2016-07-12,1
GRSM_006,2016-07-26,5
GRSM_006,2016-08-23,3
GRSM_006,2016-09-06,3
GRSM_006,2016-09-20,2
GRSM_006,2016-10-04,1
GRSM_006,2017-04-18,1
GRSM_006,2017-05-02,2
GRSM_006,2017-05-16,1
GRSM_006,2017-05-30,2
GRSM_006,2017-06-13,3
GRSM_006,2017-06-27,4
GRSM_006,2017-07-11,2
GRSM_006,2017-07-25,5
GRSM_006,2017-08-08,6
GRSM_006,2017-08-22,2
GRSM_006,2017-09-05,1
GRSM_006,2017-09-19,1
GRSM_006,2018-04-17,1
GRSM_006,2018-05-01,1
GRSM_006,2018-05-15,2
GRSM_006,2018-05-29,2
GRSM_006,2018-06-12,3
GRSM_006,2018-06-26,1
GRSM_006,2018-07-10,4
GRSM_006,2018-07-24,6
GRSM_006,2018-08-07,2
GRSM_006,2018-08-21,3
GRSM_006,2018-09-04,3
GRSM_006,2018-09-18,3
GRSM_006,2019-04-16,1
GRSM_006,2019-04-30,1
GRSM_006,2019-05-14,1
GRSM_006,2019-05-28,7
GRSM_006,2019-06-11,2
GRSM_006,2019-06-25,4
GRSM_006,2019-07-09,5
GRSM_006,2019-07-23,7
GRSM_006,2019-08-06,5
GRSM_006,2019-08-20,3
GRSM_006,2019-09-17,2
GRSM_006,2020-06-23,1
GRSM_006,2020-07-07,2
GRSM_006,2020-07-21,2
GRSM_006,2021-04-13,3
GRSM_006,2021-04-27,1
GRSM_006,2021-05-11,3
GRSM_006,2021-05-25,1
GRSM_006,2021-06-08,1
GRSM_006,2021-07-06,4
GRSM_006,2021-07-20,3
GRSM_006,2021-08-03,4
GRSM_006,2021-08-17,3
GRSM_006,2021-08-31,4
GRSM_006,2021-09-14,2
GRSM_006,2022-04-12,2
GRSM_006,2022-04-26,4
GRSM_006,2022-05-10,3
GRSM_006,2022-05-24,2
GRSM_006,2022-06-07,4
GRSM_006,2022-06-21,4
GRSM_006,2022-07-05,3
GRSM_006,2022-07-19,4
GRSM_006,2022-08-02,4
GRSM_006,2022-08-16,7
GRSM_006,2022-08-30,4
GRSM_006,2022-09-13,3
GRSM_006,2023-04-11,1
GRSM_006,2023-04-25,1
GRSM_006,2023-05-09,5
GRSM_006,2023-05-23,2
GRSM_006,2023-06-06,1
GRSM_006,2023-06-20,4
GRSM_006,2023-07-04,4
GRSM_006,2023-07-18,4
GRSM_006,2023-08-01,4
GRSM_006,2023-08-15,5
GRSM_006,2023-08-29,4
GRSM_006,2023-09-12,4
GRSM_006,2023-09-26,4
GRSM_008,2016-05-17,1
GRSM_008,2016-05-31,2
GRSM_008,2016-06-14,2
GRSM_008,2016-06-28,1
GRSM_008,2016-07-12,2
GRSM_008,2016-07-26,2
GRSM_008,2016-08-09,4
GRSM_008,2016-08-23,6
GRSM_008,2016-09-06,5
GRSM_008,2016-09-20,6
GRSM_008,2016-10-04,2
GRSM_008,2017-04-18,3
GRSM_008,2017-05-02,5
GRSM_008,2017-05-16,6
GRSM_008,2017-05-30,6
GRSM_008,2017-06-13,5
GRSM_008,2017-06-27,5
GRSM_008,2017-07-11,5
GRSM_008,2017-07-25,4
GRSM_008,2017-08-08,4
GRSM_008,2017-08-22,4
GRSM_008,2017-09-05,3
GRSM_008,2017-09-19,2
GRSM_008,2018-04-17,2
GRSM_008,2018-05-01,3
GRSM_008,2018-05-15,6
GRSM_008,2018-05-29,5
GRSM_008,2018-06-12,4
GRSM_008,2018-06-26,4
GRSM_008,2018-07-10,2
GRSM_008,2018-07-24,2
GRSM_008,2018-08-07,3
GRSM_008,2018-08-21,3
GRSM_008,2018-09-04,3
GRSM_008,2018-09-18,5
GRSM_008,2019-04-16,1
GRSM_008,2019-04-30,4
GRSM_008,2019-05-14,6
GRSM_008,2019-05-28,4
GRSM_008,2019-06-11,5
GRSM_008,2019-06-25,6
GRSM_008,2019-07-09,4
GRSM_008,2019-07-23,5
GRSM_008,2019-08-06,1
GRSM_008,2019-08-20,4
GRSM_008,2019-09-03,4
GRSM_008,2019-09-17,4
GRSM_008,2020-06-23,3
GRSM_008,2020-07-07,6
GRSM_008,2020-07-21,3
GRSM_008,2021-04-13,4
GRSM_008,2021-04-27,3
GRSM_008,2021-05-11,5
GRSM_008,2021-05-25,3
GRSM_008,2021-06-08,5
GRSM_008,2021-06-22,6
GRSM_008,2021-07-06,3
GRSM_008,2021-07-20,3
GRSM_008,2021-08-03,4
GRSM_008,2021-08-31,2
GRSM_008,2021-09-14,4
GRSM_008,2022-04-12,1
GRSM_008,2022-04-26,2
GRSM_008,2022-05-10,2
GRSM_008,2022-05-24,3
GRSM_008,2022-06-07,5
GRSM_008,2022-06-21,2
GRSM_008,2022-07-05,3
GRSM_008,2022-07-19,1
GRSM_008,2022-08-02,2
GRSM_008,2022-08-16,4
GRSM_008,2022-08-30,4
GRSM_008,2022-09-13,3
GRSM_008,2023-04-25,2
GRSM_008,2023-05-09,1
GRSM_008,2023-05-23,4
GRSM_008,2023-06-06,8
GRSM_008,2023-06-20,3
GRSM_008,2023-07-04,3
GRSM_008,2023-07-18,4
GRSM_008,2023-08-01,1
GRSM_008,2023-08-15,4
GRSM_008,2023-08-29,3
GRSM_008,2023-09-12,4
GRSM_008,2023-09-26,4
GRSM_012,2016-05-17,2
GRSM_012,2016-05-31,2
GRSM_012,2016-06-14,5
GRSM_012,2016-06-28,4
GRSM_012,2016-07-12,4
GRSM_012,2016-07-26,4
GRSM_012,2016-08-09,5
GRSM_012,2016-08-23,5
GRSM_012,2016-09-06,4
GRSM_012,2016-09-20,6
GRSM_012,2016-10-04,1
GRSM_012,2017-04-18,5
GRSM_012,2017-05-02,5
GRSM_012,2017-05-16,3
GRSM_012,2017-05-30,4
GRSM_012,2017-06-13,7
GRSM_012,2017-06-27,2
GRSM_012,2017-07-11,6
GRSM_012,2017-07-25,7
GRSM_012,2017-08-08,4
GRSM_012,2017-08-22,7
GRSM_012,2017-09-05,7
GRSM_012,2017-09-19,6
GRSM_012,2018-04-17,3
GRSM_012,2018-05-01,2
GRSM_012,2018-05-15,4
GRSM_012,2018-05-29,3
GRSM_012,2018-06-12,7
GRSM_012,2018-06-26,3
GRSM_012,2018-07-10,8
GRSM_012,2018-07-24,5
GRSM_012,2018-08-07,5
GRSM_012,2018-08-21,2
GRSM_012,2018-09-04,4
GRSM_012,2018-09-18,2
GRSM_012,2019-04-16,2
GRSM_012,2019-04-30,2
GRSM_012,2019-05-14,3
GRSM_012,2019-05-28,3
GRSM_012,2019-06-11,3
GRSM_012,2019-06-25,3
GRSM_012,2019-07-09,1
GRSM_012,2019-07-23,2
GRSM_012,2019-08-06,3
GRSM_012,2019-08-20,3
GRSM_012,2019-09-03,5
GRSM_012,2019-09-17,3
GRSM_012,2020-06-23,2
GRSM_012,2020-07-07,3
GRSM_012,2020-07-21,4
GRSM_012,2021-04-13,3
GRSM_012,2021-04-27,1
GRSM_012,2021-05-11,4
GRSM_012,2021-05-25,4
GRSM_012,2021-06-08,3
GRSM_012,2021-06-22,4
GRSM_012,2021-07-06,7
GRSM_012,2021-07-20,4
GRSM_012,2021-08-03,7
GRSM_012,2021-08-17,4
GRSM_012,2021-08-31,6
GRSM_012,2021-09-14,3
GRSM_012,2022-04-12,3
GRSM_012,2022-04-26,1
GRSM_012,2022-05-10,4
GRSM_012,2022-05-24,4
GRSM_012,2022-06-07,4
GRSM_012,2022-06-21,3
GRSM_012,2022-07-05,5
GRSM_012,2022-07-19,8
GRSM_012,2022-08-02,9
GRSM_012,2022-08-16,6
GRSM_012,2022-08-30,4
GRSM_012,2022-09-13,2
GRSM_012,2023-04-11,3
GRSM_012,2023-04-25,2
GRSM_012,2023-05-09,7
GRSM_012,2023-05-23,4
GRSM_012,2023-06-06,4
GRSM_012,2023-06-20,3
GRSM_012,2023-07-04,5
GRSM_012,2023-07-18,5
GRSM_012,2023-08-01,6
GRSM_012,2023-08-15,5
GRSM_012,2023-08-29,3
GRSM_012,2023-09-12,3
GRSM_012,2023-09-26,4
GRSM_013,2016-05-17,1
GRSM_013,2016-05-31,2
GRSM_013,2016-06-14,3
GRSM_013,2016-06-28,1
GRSM_013,2016-07-12,2
GRSM_013,2016-07-26,4
GRSM_013,2016-08-09,4
GRSM_013,2016-08-23,4
GRSM_013,2016-09-06,4
GRSM_013,2016-09-20,2
GRSM_013,2016-10-04,3
GRSM_013,2017-04-18,1
GRSM_013,2017-05-02,2
GRSM_013,2017-05-30,2
GRSM_013,2017-06-13,3
GRSM_013,2017-06-27,2
GRSM_013,2017-07-11,2
GRSM_013,2017-07-25,3
GRSM_013,2017-08-08,3
GRSM_013,2017-08-22,5
GRSM_013,2017-09-05,3
GRSM_013,2017-09-19,1
GRSM_013,2018-04-17,1
GRSM_013,2018-05-01,3
GRSM_013,2018-05-15,2
GRSM_013,2018-05-29,4
GRSM_013,2018-06-26,4
GRSM_013,2018-07-10,5
GRSM_013,2018-07-24,2
GRSM_013,2018-08-07,4
GRSM_013,2018-08-21,6
GRSM_013,2018-09-04,4
GRSM_013,2018-09-18,1
GRSM_013,2019-04-16,1
GRSM_013,2019-04-30,1
GRSM_013,2019-05-14,2
GRSM_013,2019-05-28,3
GRSM_013,2019-06-11,2
GRSM_013,2019-06-25,3
GRSM_013,2019-07-09,5
GRSM_013,2019-07-23,4
GRSM_013,2019-08-06,6
GRSM_013,2019-08-20,5
GRSM_013,2019-09-03,2
GRSM_013,2019-09-17,2
GRSM_013,2020-06-23,2
GRSM_013,2020-07-07,6
GRSM_013,2020-07-21,2
GRSM_013,2021-04-13,1
GRSM_013,2021-04-27,1
GRSM_013,2021-05-11,1
GRSM_013,2021-05-25,1
GRSM_013,2021-06-08,3
GRSM_013,2021-07-06,2
GRSM_013,2021-07-20,6
GRSM_013,2021-08-03,9
GRSM_013,2021-08-17,4
GRSM_013,2021-08-31,3
GRSM_013,2021-09-14,3
GRSM_013,2022-04-12,1
GRSM_013,2022-04-26,1
GRSM_013,2022-05-10,2
GRSM_013,2022-05-24,2
GRSM_013,2022-06-07,4
GRSM_013,2022-06-21,1
GRSM_013,2022-07-05,2
GRSM_013,2022-07-19,4
GRSM_013,2022-08-02,3
GRSM_013,2022-08-30,1
GRSM_013,2022-09-13,2
GRSM_013,2023-04-11,2
GRSM_013,2023-04-25,2
GRSM_013,2023-05-09,2
GRSM_013,2023-05-23,3
GRSM_013,2023-06-06,1
GRSM_013,2023-06-20,2
GRSM_013,2023-07-04,5
GRSM_013,2023-07-18,2
GRSM_013,2023-08-01,3
GRSM_013,2023-08-15,5
GRSM_013,2023-08-29,3
GRSM_013,2023-09-12,4
GRSM_013,2023-09-26,6
GRSM_014,2016-05-17,5
GRSM_014,2016-05-31,2
GRSM_014,2016-06-14,4
GRSM_014,2016-06-28,2
GRSM_014,2016-07-12,3
GRSM_014,2016-07-26,3
GRSM_014,2016-08-09,2
GRSM_014,2016-09-06,3
GRSM_014,2016-09-20,1
GRSM_014,2016-10-04,1
GRSM_014,2017-04-18,2
GRSM_014,2017-05-02,6
GRSM_014,2017-05-16,3
GRSM_014,2017-05-30,4
GRSM_014,2017-06-13,5
GRSM_014,2017-06-27,4
GRSM_014,2017-07-11,5
GRSM_014,2017-07-25,2
GRSM_014,2017-08-08,3
GRSM_014,2017-08-22,4
GRSM_014,2017-09-05,2
GRSM_014,2017-09-19,2
GRSM_014,2018-04-17,1
GRSM_014,2018-05-01,6
GRSM_014,2018-05-15,6
GRSM_014,2018-05-29,2
GRSM_014,2018-06-12,3
GRSM_014,2018-06-26,3
GRSM_014,2018-07-10,3
GRSM_014,2018-07-24,2
GRSM_014,2018-08-07,5
GRSM_014,2018-08-21,4
GRSM_014,2018-09-04,4
GRSM_014,2018-09-18,4
GRSM_014,2019-04-16,6
GRSM_014,2019-04-30,8
GRSM_014,2019-05-14,3
GRSM_014,2019-05-28,10
GRSM_014,2019-06-11,7
GRSM_014,2019-06-25,5
GRSM_014,2019-07-09,6
GRSM_014,2019-07-23,6
GRSM_014,2019-08-06,4
GRSM_014,2019-08-20,7
GRSM_014,2019-09-03,3
GRSM_014,2019-09-17,2
GRSM_014,2020-06-23,5
GRSM_014,2020-07-07,4
GRSM_014,2020-07-21,5
GRSM_014,2021-04-13,4
GRSM_014,2021-04-27,5
GRSM_014,2021-05-11,4
GRSM_014,2021-05-25,5
GRSM_014,2021-06-08,7
GRSM_014,2021-06-22,5
GRSM_014,2021-07-06,5
GRSM_014,2021-07-20,1
GRSM_014,2021-08-03,2
GRSM_014,2021-08-17,3
GRSM_014,2021-08-31,3
GRSM_014,2021-09-14,3
GRSM_014,2022-04-12,2
GRSM_014,2022-04-26,5
GRSM_014,2022-05-10,5
GRSM_014,2022-05-24,7
GRSM_014,2022-06-07,7
GRSM_014,2022-06-21,4
GRSM_014,2022-07-05,2
GRSM_014,2022-07-19,7
GRSM_014,2022-08-02,8
GRSM_014,2022-08-16,6
GRSM_014,2022-08-30,5
GRSM_014,2022-09-13,3
GRSM_014,2023-04-25,2
GRSM_014,2023-05-09,6
GRSM_014,2023-05-23,5
GRSM_014,2023-06-06,4
GRSM_014,2023-06-20,6
GRSM_014,2023-07-04,5
GRSM_014,2023-07-18,3
GRSM_014,2023-08-01,5
GRSM_014,2023-08-15,5
GRSM_014,2023-08-29,4
GRSM_014,2023-09-12,3
GRSM_014,2023-09-26,2
GRSM_020,2016-05-17,2
GRSM_020,2016-05-31,2
GRSM_020,2016-06-14,6
GRSM_020,2016-06-28,4
GRSM_020,2016-07-12,7
GRSM_020,2016-07-26,4
GRSM_020,2016-08-09,2
GRSM_020,2016-08-23,2
GRSM_020,2016-09-06,5
GRSM_020,2016-09-20,4
GRSM_020,2016-10-04,5
GRSM_020,2017-04-18,2
GRSM_020,2017-05-02,3
GRSM_020,2017-05-16,4
GRSM_020,2017-05-30,4
GRSM_020,2017-06-13,3
GRSM_020,2017-06-27,5
GRSM_020,2017-07-11,6
GRSM_020,2017-07-25,5
GRSM_020,2017-08-08,6
GRSM_020,2017-08-22,3
GRSM_020,2017-09-05,2
GRSM_020,2017-09-19,5
GRSM_020,2018-04-17,3
GRSM_020,2018-05-01,5
GRSM_020,2018-05-15,1
GRSM_020,2018-05-29,2
GRSM_020,2018-06-12,1
GRSM_020,2018-06-26,4
GRSM_020,2018-07-10,3
GRSM_020,2018-07-24,5
GRSM_020,2018-08-07,1
GRSM_020,2018-08-21,2
GRSM_020,2018-09-04,4
GRSM_020,2018-09-18,4
GRSM_020,2019-04-16,2
GRSM_020,2019-04-30,2
GRSM_020,2019-05-14,1
GRSM_020,2019-05-28,2
GRSM_020,2019-06-11,1
GRSM_020,2019-06-25,5
GRSM_020,2019-07-09,2
GRSM_020,2019-07-23,5
GRSM_020,2019-08-06,1
GRSM_020,2019-09-03,3
GRSM_020,2019-09-17,2
GRSM_020,2020-06-23,4
GRSM_020,2020-07-07,3
GRSM_020,2020-07-21,4
GRSM_020,2021-06-08,1
GRSM_020,2021-06-22,4
GRSM_020,2021-07-06,4
GRSM_020,2021-07-20,6
GRSM_020,2021-08-03,4
GRSM_020,2021-08-17,6
GRSM_020,2021-08-31,6
GRSM_020,2021-09-14,4
GRSM_020,2022-04-12,2
GRSM_020,2022-04-26,1
GRSM_021,2016-05-17,3
GRSM_021,2016-05-31,6
GRSM_021,2016-06-14,3
GRSM_021,2016-06-28,7
GRSM_021,2016-07-12,6
GRSM_021,2016-07-26,3
GRSM_021,2016-08-09,6
GRSM_021,2016-08-23,4
GRSM_021,2016-09-06,6
GRSM_021,2016-09-20,1
GRSM_021,2016-10-04,5
GRSM_021,2017-04-18,8
GRSM_021,2017-05-02,6
GRSM_021,2017-05-16,7
GRSM_021,2017-05-30,7
GRSM_021,2017-06-13,7
GRSM_021,2017-06-27,10
GRSM_021,2017-07-11,8
GRSM_021,2017-07-25,10
GRSM_021,2017-08-08,7
GRSM_021,2017-08-22,8
GRSM_021,2017-09-05,8
GRSM_021,2017-09-19,6
GRSM_021,2018-04-17,2
GRSM_021,2018-05-01,5
GRSM_021,2018-05-15,7
GRSM_021,2018-05-29,7
GRSM_021,2018-06-12,6
GRSM_021,2018-06-26,10
GRSM_021,2018-07-10,10
GRSM_021,2018-07-24,9
GRSM_021,2018-08-07,8
GRSM_021,2018-08-21,7
GRSM_021,2018-09-04,3
GRSM_021,2018-09-18,4
GRSM_021,2019-04-16,6
GRSM_021,2019-04-30,7
GRSM_021,2019-05-14,6
GRSM_021,2019-05-28,4
GRSM_021,2019-06-11,7
GRSM_021,2019-06-25,9
GRSM_021,2019-07-09,8
GRSM_021,2019-07-23,7
GRSM_021,2019-08-06,5
GRSM_021,2019-08-20,6
GRSM_021,2019-09-03,5
GRSM_021,2020-06-23,3
GRSM_021,2020-07-07,4
GRSM_021,2020-07-21,5
GRSM_021,2021-04-13,2
GRSM_021,2021-04-27,3
GRSM_021,2021-05-11,7
GRSM_021,2021-05-25,4
GRSM_021,2021-06-08,6
GRSM_021,2021-06-22,9
GRSM_021,2021-07-06,5
GRSM_021,2021-07-20,5
GRSM_021,2021-08-03,5
GRSM_021,2021-08-17,4
GRSM_021,2021-08-31,5
GRSM_021,2021-09-14,4
GRSM_021,2022-04-12,3
GRSM_021,2022-04-26,1
GRSM_021,2022-05-10,1
GRSM_021,2022-05-24,8
GRSM_021,2022-06-07,6
GRSM_021,2022-06-21,6
GRSM_021,2022-07-05,6
GRSM_022,2016-05-17,1
GRSM_022,2016-05-31,2
GRSM_022,2016-06-28,2
GRSM_022,2016-07-12,3
GRSM_022,2016-07-26,1
GRSM_022,2016-08-09,2
GRSM_022,2016-08-23,2
GRSM_022,2016-09-06,2
GRSM_022,2016-09-20,3
GRSM_022,2017-04-18,2
GRSM_022,2017-05-02,6
GRSM_022,2017-05-16,4
GRSM_022,2017-05-30,2
GRSM_022,2017-06-13,4
GRSM_022,2017-06-27,6
GRSM_022,2017-07-11,5
GRSM_022,2017-07-25,6
GRSM_022,2017-08-08,6
GRSM_022,2017-08-22,7
GRSM_022,2017-09-05,2
GRSM_022,2017-09-19,5
GRSM_022,2018-04-17,4
GRSM_022,2018-05-01,3
GRSM_022,2018-05-15,5
GRSM_022,2018-05-29,5
GRSM_022,2018-06-12,5
GRSM_022,2018-06-26,3
GRSM_022,2018-07-10,5
GRSM_022,2018-07-24,4
GRSM_022,2018-08-07,4
GRSM_022,2018-08-21,3
GRSM_022,2018-09-04,5
GRSM_022,2018-09-18,4
GRSM_022,2019-04-16,1
GRSM_022,2019-04-30,7
GRSM_022,2019-05-14,5
GRSM_022,2019-05-28,2
GRSM_022,2019-06-11,5
GRSM_022,2019-06-25,7
GRSM_022,2019-07-09,4
GRSM_022,2019-07-23,5
GRSM_022,2019-08-06,2
GRSM_022,2019-08-20,7
GRSM_022,2019-09-03,6
GRSM_022,2019-09-17,2
GRSM_022,2021-06-08,4
GRSM_022,2021-06-22,5
GRSM_022,2021-07-06,6
GRSM_022,2021-07-20,6
GRSM_022,2021-08-03,5
GRSM_022,2021-08-17,5
GRSM_022,2021-08-31,5
GRSM_022,2021-09-14,5
GRSM_022,2022-04-12,1
GRSM_022,2022-04-26,5
GRSM_022,2022-05-10,4
GRSM_022,2022-05-24,6
GRSM_022,2022-06-07,3
GRSM_022,2022-06-21,7
GRSM_022,2022-07-05,7
GRSM_024,2016-05-31,1
GRSM_024,2016-06-14,1
GRSM_024,2016-06-28,2
GRSM_024,2016-07-26,1
GRSM_024,2016-08-09,4
GRSM_024,2016-08-23,2
GRSM_024,2016-09-20,1
GRSM_024,2017-04-18,2
GRSM_024,2017-05-02,3
GRSM_024,2017-05-30,1
GRSM_024,2017-06-13,3
GRSM_024,2017-06-27,2
GRSM_024,2017-07-11,4
GRSM_024,2017-07-25,3
GRSM_024,2017-08-08,3
GRSM_024,2017-08-22,3
GRSM_024,2017-09-05,2
GRSM_024,2017-09-19,2
GRSM_024,2018-04-17,1
GRSM_024,2018-05-01,1
GRSM_024,2018-05-15,1
GRSM_024,2018-05-29,3
GRSM_024,2018-06-12,3
GRSM_024,2018-06-26,3
GRSM_024,2018-07-10,3
GRSM_024,2018-07-24,3
GRSM_024,2018-08-07,4
GRSM_024,2018-08-21,6
GRSM_024,2018-09-04,1
GRSM_024,2018-09-18,2
GRSM_024,2019-04-30,4
GRSM_024,2019-05-14,3
GRSM_024,2019-05-28,7
GRSM_024,2019-06-11,3
GRSM_024,2019-06-25,3
GRSM_024,2019-07-09,3
GRSM_024,2019-07-23,3
GRSM_024,2019-08-06,6
GRSM_024,2019-08-20,2
GRSM_024,2019-09-03,3
GRSM_024,2019-09-17,1
GRSM_024,2020-06-23,3
GRSM_024,2020-07-07,6
GRSM_024,2020-07-21,4
GRSM_024,2021-06-08,3
GRSM_024,2021-06-22,6
GRSM_024,2021-07-06,3
GRSM_024,2021-07-20,3
GRSM_024,2021-08-03,4
GRSM_024,2021-08-17,4
GRSM_024,2021-08-31,3
GRSM_024,2021-09-14,4
GRSM_024,2022-04-26,3
GRSM_024,2022-05-10,2
GRSM_024,2022-05-24,2
GRSM_024,2022-06-07,4
GRSM_024,2022-06-21,3
GRSM_024,2022-07-05,5
HARV_001,2016-05-12,1
HARV_001,2016-05-26,3
HARV_001,2016-06-09,2
HARV_001,2016-06-23,1
HARV_001,2016-07-07,2
HARV_001,2016-07-21,4
HARV_001,2016-08-04,1
HARV_001,2016-08-18,1
HARV_001,2016-09-01,1
HARV_001,2017-05-10,1
HARV_001,2017-05-24,3
HARV_001,2017-06-21,1
HARV_001,2017-07-05,1
HARV_001,2017-08-16,3
HARV_001,2018-05-08,4
HARV_001,2018-05-22,3
HARV_001,2018-06-05,2
HARV_001,2018-06-19,4
HARV_001,2018-07-03,3
HARV_001,2018-07-17,4
HARV_001,2018-07-31,5
HARV_001,2018-08-14,1
HARV_001,2018-08-28,1
HARV_001,2018-09-11,1
HARV_001,2019-05-07,2
HARV_001,2019-05-21,1
HARV_001,2019-06-04,5
HARV_001,2019-06-18,4
HARV_001,2019-07-02,1
HARV_001,2019-07-16,2
HARV_001,2019-07-30,4
HARV_001,2019-08-13,3
HARV_001,2019-08-27,2
HARV_001,2020-07-29,3
HARV_001,2020-08-12,1
HARV_001,2020-08-26,2
HARV_001,2020-09-09,1
HARV_001,2021-05-12,1
HARV_001,2021-05-26,2
HARV_001,2021-06-23,3
HARV_001,2021-07-07,1
HARV_001,2021-07-21,1
HARV_001,2021-08-04,1
HARV_001,2021-08-18,2
HARV_001,2021-09-01,1
HARV_001,2021-09-15,2
HARV_001,2022-05-04,2
HARV_001,2022-05-18,3
HARV_001,2022-06-01,4
HARV_001,2022-06-15,4
HARV_001,2022-06-29,3
HARV_001,2022-07-13,1
HARV_001,2022-08-10,2
HARV_001,2022-08-24,2
HARV_001,2022-09-07,2
HARV_001,2023-05-10,2
HARV_001,2023-05-24,3
HARV_001,2023-06-07,2
HARV_001,2023-06-21,2
HARV_001,2023-07-19,2
HARV_001,2023-08-02,2
HARV_001,2023-08-16,1
HARV_001,2023-08-30,3
HARV_002,2016-05-12,1
HARV_002,2016-05-26,1
HARV_002,2016-06-09,1
HARV_002,2016-06-23,1
HARV_002,2016-07-07,1
HARV_002,2016-08-18,2
HARV_002,2016-09-01,2
HARV_002,2017-05-10,4
HARV_002,2017-05-24,2
HARV_002,2017-06-07,1
HARV_002,2017-06-21,1
HARV_002,2017-07-05,1
HARV_002,2017-07-19,2
HARV_002,2017-08-02,2
HARV_002,2017-08-16,1
HARV_002,2017-08-30,1
HARV_002,2017-09-13,1
HARV_002,2017-09-27,2
HARV_002,2018-05-08,4
HARV_002,2018-05-22,3
HARV_002,2018-06-05,4
HARV_002,2018-07-03,7
HARV_002,2018-07-17,5
HARV_002,2018-07-31,4
HARV_002,2018-08-14,6
HARV_002,2018-08-28,3
HARV_002,2018-09-11,2
HARV_002,2019-06-18,4
HARV_002,2019-07-02,2
HARV_002,2019-07-16,4
HARV_002,2019-07-30,6
HARV_002,2019-08-13,5
HARV_002,2019-09-10,4
HARV_002,2020-07-15,4
HARV_002,2020-07-29,2
HARV_002,2020-08-12,3
HARV_002,2020-08-26,1
HARV_002,2020-09-09,2
HARV_002,2021-05-12,1
HARV_002,2021-05-26,4
HARV_002,2021-06-09,5
HARV_002,2021-06-23,3
HARV_002,2021-07-07,5
HARV_002,2021-07-21,2
HARV_002,2021-08-04,3
HARV_002,2021-08-18,3
HARV_002,2021-09-01,2
HARV_002,2021-09-15,2
HARV_002,2022-05-04,1
HARV_002,2022-05-18,2
HARV_002,2022-06-01,4
HARV_002,2022-06-15,3
HARV_002,2022-06-29,5
HARV_002,2022-07-13,4
HARV_002,2022-07-27,3
HARV_002,2022-08-10,5
HARV_002,2022-08-24,2
HARV_002,2022-09-07,2
HARV_002,2023-05-10,1
HARV_002,2023-05-24,2
HARV_002,2023-06-07,3
HARV_002,2023-06-21,2
HARV_002,2023-07-05,1
HARV_002,2023-07-19,2
HARV_002,2023-08-02,2
HARV_002,2023-08-16,3
HARV_002,2023-08-30,1
HARV_002,2023-09-13,3
HARV_004,2016-05-12,1
HARV_004,2016-05-26,1
HARV_004,2016-06-23,2
HARV_004,2016-07-21,1
HARV_004,2016-08-04,1
HARV_004,2016-08-18,3
HARV_004,2016-09-01,2
HARV_004,2016-09-15,2
HARV_004,2017-05-10,3
HARV_004,2017-06-07,2
HARV_004,2017-07-05,3
HARV_004,2017-07-19,2
HARV_004,2017-08-02,3
HARV_004,2017-08-16,1
HARV_004,2017-09-13,1
HARV_004,2017-09-27,2
HARV_004,2018-05-08,3
HARV_004,2018-05-22,5
HARV_004,2018-06-05,3
HARV_004,2018-06-19,3
HARV_004,2018-07-03,5
HARV_004,2018-07-17,3
HARV_004,2018-07-31,1
HARV_004,2018-08-14,1
HARV_004,2018-08-28,1
HARV_004,2018-09-11,1
HARV_004,2019-05-07,2
HARV_004,2019-05-21,3
HARV_004,2019-06-04,2
HARV_004,2019-06-18,3
HARV_004,2019-07-02,4
HARV_004,2019-07-16,2
HARV_004,2019-07-30,1
HARV_004,2019-08-13,4
HARV_004,2020-07-29,1
HARV_004,2020-08-12,1
HARV_004,2020-09-09,2
HARV_004,2021-05-12,1
HARV_004,2021-05-26,3
HARV_004,2021-06-09,1
HARV_004,2021-06-23,1
HARV_004,2021-07-07,3
HARV_004,2021-07-21,2
HARV_004,2021-08-04,2
HARV_004,2021-08-18,3
HARV_004,2021-09-01,2
HARV_004,2021-09-15,1
HARV_004,2022-05-04,2
HARV_004,2022-05-18,3
HARV_004,2022-06-01,4
HARV_004,2022-06-15,1
HARV_004,2022-06-29,1
HARV_004,2022-07-13,2
HARV_004,2022-07-27,1
HARV_004,2022-09-07,1
HARV_004,2023-05-10,2
HARV_004,2023-05-24,1
HARV_004,2023-06-07,3
HARV_004,2023-06-21,5
HARV_004,2023-07-19,3
HARV_004,2023-08-02,3
HARV_004,2023-08-16,1
HARV_004,2023-08-30,1
HARV_004,2023-09-13,1
HARV_005,2016-05-12,3
HARV_005,2016-05-26,3
HARV_005,2016-06-09,2
HARV_005,2016-06-23,2
HARV_005,2016-08-04,2
HARV_005,2016-08-18,1
HARV_005,2016-09-01,1
HARV_005,2016-09-15,1
HARV_005,2017-05-10,2
HARV_005,2017-05-24,1
HARV_005,2017-06-07,1
HARV_005,2017-06-21,1
HARV_005,2017-07-05,1
HARV_005,2017-07-19,2
HARV_005,2017-08-02,3
HARV_005,2017-08-16,1
HARV_005,2017-08-30,2
HARV_005,2017-09-13,1
HARV_005,2017-09-27,4
HARV_005,2018-05-08,3
HARV_005,2018-05-22,2
HARV_005,2018-06-05,4
HARV_005,2018-06-19,9
HARV_005,2018-07-03,5
HARV_005,2018-07-17,5
HARV_005,2018-07-31,5
HARV_005,2018-08-14,2
HARV_005,2018-08-28,3
HARV_005,2018-09-11,1
HARV_005,2019-07-02,2
HARV_005,2019-07-16,3
HARV_005,2019-07-30,2
HARV_005,2019-08-13,5
HARV_005,2019-08-27,2
HARV_005,2019-09-10,1
HARV_005,2020-07-15,2
HARV_005,2020-07-29,3
HARV_005,2020-08-12,3
HARV_005,2020-08-26,1
HARV_005,2020-09-09,1
HARV_005,2021-05-12,1
HARV_005,2021-05-26,4
HARV_005,2021-06-09,3
HARV_005,2021-06-23,3
HARV_005,2021-07-07,2
HARV_005,2021-07-21,2
HARV_005,2021-08-04,1
HARV_005,2021-09-01,1
HARV_005,2021-09-15,2
HARV_005,2022-05-04,1
HARV_005,2022-05-18,2
HARV_005,2022-06-01,1
HARV_005,2022-06-15,3
HARV_005,2022-06-29,2
HARV_005,2022-07-13,1
HARV_005,2022-07-27,3
HARV_005,2022-08-10,2
HARV_005,2022-08-24,2
HARV_005,2022-09-07,1
HARV_005,2023-05-10,2
HARV_005,2023-05-24,3
HARV_005,2023-06-07,4
HARV_005,2023-06-21,2
HARV_005,2023-07-05,2
HARV_005,2023-07-19,3
HARV_005,2023-08-02,4
HARV_005,2023-08-16,3
HARV_005,2023-08-30,1
HARV_005,2023-09-13,5
HARV_006,2016-05-26,2
HARV_006,2016-06-09,2
HARV_006,2016-06-23,3
HARV_006,2016-07-07,4
HARV_006,2016-07-21,1
HARV_006,2016-08-04,4
HARV_006,2016-08-18,4
HARV_006,2017-05-10,1
HARV_006,2017-05-24,3
HARV_006,2017-06-07,3
HARV_006,2017-06-21,4
HARV_006,2017-07-05,3
HARV_006,2017-07-19,3
HARV_006,2017-08-02,1
HARV_006,2017-08-16,3
HARV_006,2017-08-30,3
HARV_006,2017-09-13,3
HARV_006,2017-09-27,3
HARV_006,2018-05-08,3
HARV_006,2018-05-22,4
HARV_006,2018-06-05,5
HARV_006,2018-06-19,2
HARV_006,2018-07-03,7
HARV_006,2018-07-17,4
HARV_006,2018-07-31,2
HARV_006,2018-08-14,6
HARV_006,2018-08-28,4
HARV_006,2018-09-11,1
HARV_006,2019-05-07,3
HARV_006,2019-05-21,6
HARV_006,2019-06-04,3
HARV_006,2019-06-18,1
HARV_006,2019-07-02,4
HARV_006,2019-07-16,4
HARV_006,2019-07-30,4
HARV_006,2019-08-13,4
HARV_006,2019-08-27,3
HARV_006,2019-09-10,2
HARV_006,2020-07-15,2
HARV_006,2020-07-29,2
HARV_006,2020-08-12,4
HARV_006,2020-08-26,4
HARV_006,2020-09-09,1
HARV_006,2021-05-12,3
HARV_006,2021-05-26,5
HARV_006,2021-06-09,3
HARV_006,2021-06-23,4
HARV_006,2021-07-07,4
HARV_006,2021-07-21,4
HARV_006,2021-08-04,4
HARV_006,2021-08-18,4
HARV_006,2021-09-01,2
HARV_006,2021-09-15,3
HARV_006,2022-05-04,1
HARV_006,2022-05-18,2
HARV_006,2022-06-01,2
HARV_006,2022-06-15,3
HARV_006,2022-06-29,2
HARV_006,2022-07-13,2
HARV_006,2022-07-27,2
HARV_006,2022-09-07,1
HARV_008,2018-05-08,5
HARV_008,2018-05-22,2
HARV_008,2018-06-05,3
HARV_008,2018-06-19,3
HARV_008,2018-07-03,5
HARV_008,2018-07-17,2
HARV_008,2018-07-31,5
HARV_008,2018-08-14,3
HARV_008,2018-08-28,1
HARV_008,2018-09-11,2
HARV_008,2019-06-04,4
HARV_008,2019-06-18,2
HARV_008,2019-07-02,5
HARV_008,2019-07-16,1
HARV_008,2019-07-30,2
HARV_008,2019-08-13,3
HARV_008,2019-08-27,2
HARV_008,2019-09-10,3
HARV_008,2020-07-15,2
HARV_008,2020-07-29,5
HARV_008,2020-08-12,5
HARV_008,2020-08-26,1
HARV_008,2020-09-09,2
HARV_008,2021-05-12,2
HARV_008,2021-05-26,4
HARV_008,2021-06-09,2
HARV_008,2021-06-23,4
HARV_008,2021-07-07,4
HARV_008,2021-07-21,3
HARV_008,2021-08-04,4
HARV_008,2021-08-18,6
HARV_008,2021-09-01,1
HARV_008,2021-09-15,2
HARV_008,2022-05-04,2
HARV_008,2022-05-18,4
HARV_008,2022-06-01,2
HARV_008,2022-06-15,2
HARV_008,2022-06-29,2
HARV_008,2022-07-13,2
HARV_008,2022-08-10,1
HARV_008,2022-08-24,1
HARV_008,2022-09-07,1
HARV_010,2016-05-12,1
HARV_010,2016-05-26,1
HARV_010,2016-06-09,1
HARV_010,2016-06-23,2
HARV_010,2016-07-07,2
HARV_010,2016-07-21,3
HARV_010,2016-08-04,2
HARV_010,2016-08-18,1
HARV_010,2016-09-01,2
HARV_010,2016-09-15,2
HARV_010,2017-05-10,2
HARV_010,2017-05-24,3
HARV_010,2017-06-07,2
HARV_010,2017-06-21,1
HARV_010,2017-07-05,4
HARV_010,2017-07-19,1
HARV_010,2017-08-02,2
HARV_010,2017-08-16,3
HARV_010,2017-08-30,4
HARV_010,2017-09-13,2
HARV_010,2017-09-27,2
HARV_010,2018-05-08,1
HARV_010,2018-05-22,3
HARV_010,2018-06-05,4
HARV_010,2018-06-19,4
HARV_010,2018-07-03,3
HARV_010,2018-07-17,4
HARV_010,2018-07-31,4
HARV_010,2018-08-14,3
HARV_010,2018-08-28,2
HARV_010,2018-09-11,2
HARV_010,2019-05-07,2
HARV_010,2019-05-21,2
HARV_010,2019-06-04,3
HARV_010,2019-06-18,6
HARV_010,2019-07-02,4
HARV_010,2019-07-16,7
HARV_010,2019-07-30,4
HARV_010,2019-08-13,3
HARV_010,2019-08-27,2
HARV_010,2019-09-10,1
HARV_010,2020-07-15,4
HARV_010,2020-07-29,4
HARV_010,2020-08-12,3
HARV_010,2020-08-26,4
HARV_010,2020-09-09,2
HARV_010,2021-05-12,1
HARV_010,2021-05-26,1
HARV_010,2021-06-09,4
HARV_010,2021-06-23,7
HARV_010,2021-07-07,3
HARV_010,2021-07-21,5
HARV_010,2021-08-04,4
HARV_010,2021-08-18,5
HARV_010,2021-09-01,2
HARV_010,2021-09-15,1
HARV_010,2022-05-04,2
HARV_010,2022-05-18,4
HARV_010,2022-06-01,2
HARV_010,2022-06-15,2
HARV_010,2022-06-29,3
HARV_010,2022-07-13,2
HARV_010,2022-07-27,1
HARV_010,2022-08-10,2
HARV_010,2022-08-24,2
HARV_010,2022-09-07,2
HARV_013,2016-05-12,1
HARV_013,2016-06-23,1
HARV_013,2016-07-21,2
HARV_013,2016-08-04,2
HARV_013,2016-08-18,1
HARV_013,2017-05-10,1
HARV_013,2017-05-24,3
HARV_013,2017-06-21,1
HARV_013,2017-07-05,2
HARV_013,2017-07-19,1
HARV_013,2017-08-02,1
HARV_013,2017-08-16,1
HARV_013,2017-08-30,3
HARV_013,2017-09-13,1
HARV_013,2017-09-27,3
HARV_013,2018-05-08,2
HARV_013,2018-05-22,2
HARV_013,2018-06-05,3
HARV_013,2018-06-19,3
HARV_013,2018-07-03,1
HARV_013,2018-07-17,2
HARV_013,2018-08-14,2
HARV_013,2018-08-28,2
HARV_013,2018-09-11,2
HARV_013,2019-05-07,1
HARV_013,2019-05-21,1
HARV_013,2019-06-04,3
HARV_013,2019-06-18,3
HARV_013,2019-07-02,3
HARV_013,2019-07-16,2
HARV_013,2019-07-30,1
HARV_013,2019-08-13,1
HARV_013,2019-09-10,1
HARV_013,2020-07-15,2
HARV_013,2020-07-29,2
HARV_013,2020-08-12,1
HARV_013,2020-08-26,2
HARV_013,2021-05-12,1
HARV_013,2021-05-26,1
HARV_013,2021-06-23,2
HARV_013,2021-07-07,1
HARV_013,2021-08-04,1
HARV_013,2021-08-18,3
HARV_013,2022-05-04,3
HARV_013,2022-05-18,2
HARV_013,2022-06-01,2
HARV_013,2022-06-15,1
HARV_013,2022-06-29,1
HARV_013,2022-08-24,1
HARV_013,2022-09-07,1
HARV_013,2023-05-10,3
HARV_013,2023-05-24,2
HARV_013,2023-06-07,1
HARV_013,2023-06-21,1
HARV_013,2023-08-02,2
HARV_014,2016-05-12,1
HARV_014,2016-05-26,2
HARV_014,2016-06-09,2
HARV_014,2016-06-23,2
HARV_014,2016-07-07,2
HARV_014,2016-07-21,2
HARV_014,2016-08-04,2
HARV_014,2016-09-01,2
HARV_014,2017-05-24,2
HARV_014,2017-06-21,5
HARV_014,2017-07-05,2
HARV_014,2017-08-02,1
HARV_014,2017-08-16,2
HARV_014,2017-08-30,2
HARV_014,2017-09-13,2
HARV_014,2017-09-27,3
HARV_021,2016-05-26,2
HARV_021,2016-06-23,3
HARV_021,2016-07-07,2
HARV_021,2016-07-21,2
HARV_021,2016-08-04,1
HARV_021,2016-08-18,1
HARV_021,2016-09-01,1
HARV_021,2017-05-24,2
HARV_021,2017-06-07,1
HARV_021,2017-07-19,2
HARV_021,2017-08-02,2
HARV_021,2017-08-16,1
HARV_021,2017-08-30,2
HARV_021,2017-09-13,1
HARV_021,2017-09-27,2
HARV_021,2018-05-08,2
HARV_021,2018-05-22,1
HARV_021,2018-06-05,4
HARV_021,2018-06-19,3
HARV_021,2018-07-03,1
HARV_021,2018-07-17,3
HARV_021,2018-07-31,3
HARV_021,2018-08-14,4
HARV_021,2018-08-28,1
HARV_021,2018-09-11,2
HARV_021,2019-07-02,2
HARV_021,2019-07-16,1
HARV_021,2019-07-30,2
HARV_021,2019-09-10,2
HARV_021,2020-07-15,2
HARV_021,2020-07-29,3
HARV_021,2020-08-12,2
HARV_021,2020-08-26,3
HARV_021,2020-09-09,1
HARV_021,2021-05-12,1
HARV_021,2021-05-26,3
HARV_021,2021-06-09,4
HARV_021,2021-06-23,2
HARV_021,2021-07-07,2
HARV_021,2021-08-04,1
HARV_021,2021-08-18,3
HARV_021,2021-09-01,1
HARV_021,2022-05-04,1
HARV_021,2022-05-18,1
HARV_021,2022-06-01,5
HARV_021,2022-06-15,3
HARV_021,2022-06-29,4
HARV_021,2022-07-27,1
HARV_021,2022-08-10,3
HARV_021,2022-08-24,2
HARV_021,2022-09-07,2
HARV_021,2023-05-10,3
HARV_021,2023-05-24,2
HARV_021,2023-06-07,2
HARV_021,2023-06-21,3
HARV_021,2023-07-19,1
HARV_021,2023-08-02,1
HARV_021,2023-08-16,1
HARV_021,2023-08-30,1
HARV_021,2023-09-13,3
HARV_022,2016-05-12,1
HARV_022,2016-05-26,2
HARV_022,2016-07-07,3
HARV_022,2016-07-21,1
HARV_022,2016-08-04,2
HARV_022,2016-08-18,2
HARV_022,2016-09-01,3
HARV_022,2016-09-15,3
HARV_022,2017-05-10,2
HARV_022,2017-05-24,1
HARV_022,2017-06-07,2
HARV_022,2017-06-21,1
HARV_022,2017-07-05,2
HARV_022,2017-07-19,1
HARV_022,2017-08-02,2
HARV_022,2017-08-16,2
HARV_022,2017-08-30,2
HARV_022,2017-09-13,3
HARV_022,2017-09-27,2
HARV_022,2018-05-08,1
HARV_022,2018-05-22,1
HARV_022,2018-06-05,1
HARV_022,2018-06-19,1
HARV_022,2018-07-03,3
HARV_022,2018-07-17,1
HARV_022,2018-07-31,3
HARV_022,2018-08-14,4
HARV_022,2018-08-28,2
HARV_022,2018-09-11,1
HARV_022,2019-05-07,2
HARV_022,2019-05-21,2
HARV_022,2019-06-04,2
HARV_022,2019-06-18,2
HARV_022,2019-07-02,3
HARV_022,2019-07-16,1
HARV_022,2019-07-30,3
HARV_022,2019-08-13,2
HARV_022,2019-08-27,3
HARV_022,2020-07-15,2
HARV_022,2020-07-29,3
HARV_022,2020-08-12,1
HARV_022,2020-08-26,3
HARV_022,2020-09-09,2
HARV_022,2021-05-12,2
HARV_022,2021-05-26,3
HARV_022,2021-06-09,2
HARV_022,2021-07-07,2
HARV_022,2021-07-21,1
HARV_022,2021-08-04,1
HARV_022,2021-08-18,3
HARV_022,2021-09-01,2
HARV_022,2022-05-04,2
HARV_022,2022-05-18,2
HARV_022,2022-06-15,4
HARV_022,2022-06-29,1
HARV_022,2022-07-13,3
HARV_022,2022-08-10,1
HARV_022,2022-08-24,2
HARV_022,2022-09-07,2
MLBS_001,2017-08-22,3
MLBS_001,2017-09-05,6
MLBS_001,2017-09-19,5
MLBS_001,2018-04-24,5
MLBS_001,2018-05-08,3
MLBS_001,2018-05-22,2
MLBS_001,2018-06-05,4
MLBS_001,2018-06-19,4
MLBS_001,2018-07-03,3
MLBS_001,2018-07-17,2
MLBS_001,2018-07-31,3
MLBS_001,2018-08-14,6
MLBS_001,2018-08-28,1
MLBS_001,2018-09-11,3
MLBS_001,2018-09-25,3
MLBS_001,2019-05-07,4
MLBS_001,2019-05-21,5
MLBS_001,2019-06-04,5
MLBS_001,2019-06-18,7
MLBS_001,2019-07-02,5
MLBS_001,2019-07-16,5
MLBS_001,2019-07-30,1
MLBS_001,2019-08-13,4
MLBS_001,2019-08-27,4
MLBS_001,2019-09-10,2
MLBS_001,2019-09-24,1
MLBS_001,2020-07-14,4
MLBS_001,2021-05-04,6
MLBS_001,2021-05-18,3
MLBS_001,2021-06-01,7
MLBS_001,2021-06-15,7
MLBS_001,2021-06-29,6
MLBS_001,2021-07-13,6
MLBS_001,2021-07-27,6
MLBS_001,2021-08-10,6
MLBS_001,2021-08-24,6
MLBS_001,2021-09-07,8
MLBS_001,2021-09-21,6
MLBS_001,2022-05-17,5
MLBS_001,2022-05-31,9
MLBS_001,2022-06-14,4
MLBS_001,2022-06-28,11
MLBS_001,2022-07-12,6
MLBS_001,2022-08-23,3
MLBS_001,2022-09-06,8
MLBS_001,2022-09-20,6
MLBS_001,2023-05-02,3
MLBS_001,2023-05-16,4
MLBS_001,2023-05-30,1
MLBS_001,2023-06-13,1
MLBS_001,2023-06-27,4
MLBS_001,2023-07-25,6
MLBS_001,2023-08-08,4
MLBS_001,2023-08-22,7
MLBS_001,2023-09-05,5
MLBS_001,2023-09-19,5
MLBS_002,2017-08-22,6
MLBS_002,2017-09-05,3
MLBS_002,2017-09-19,4
MLBS_002,2018-04-24,1
MLBS_002,2018-05-08,1
MLBS_002,2018-05-22,4
MLBS_002,2018-06-05,8
MLBS_002,2018-06-19,3
MLBS_002,2018-07-03,6
MLBS_002,2018-07-17,6
MLBS_002,2018-07-31,3
MLBS_002,2018-08-14,3
MLBS_002,2018-08-28,2
MLBS_002,2018-09-11,2
MLBS_002,2018-09-25,4
MLBS_002,2019-05-07,2
MLBS_002,2019-05-21,3
MLBS_002,2019-06-04,5
MLBS_002,2019-06-18,6
MLBS_002,2019-07-02,5
MLBS_002,2019-07-16,4
MLBS_002,2019-07-30,4
MLBS_002,2019-08-13,3
MLBS_002,2019-08-27,3
MLBS_002,2019-09-10,6
MLBS_002,2019-09-24,3
MLBS_002,2020-07-14,3
MLBS_002,2021-05-04,2
MLBS_002,2021-05-18,1
MLBS_002,2021-06-01,5
MLBS_002,2021-06-15,7
MLBS_002,2021-06-29,7
MLBS_002,2021-07-13,4
MLBS_002,2021-07-27,5
MLBS_002,2021-08-10,6
MLBS_002,2021-08-24,4
MLBS_002,2021-09-07,4
MLBS_002,2021-09-21,4
MLBS_002,2022-05-17,2
MLBS_002,2022-06-28,3
MLBS_002,2022-07-12,4
MLBS_002,2022-08-23,5
MLBS_002,2022-09-06,4
MLBS_002,2022-09-20,1
MLBS_002,2023-05-02,2
MLBS_002,2023-05-16,4
MLBS_002,2023-05-30,4
MLBS_002,2023-06-13,2
MLBS_002,2023-06-27,2
MLBS_002,2023-07-11,4
MLBS_002,2023-07-25,3
MLBS_002,2023-08-08,1
MLBS_002,2023-08-22,4
MLBS_002,2023-09-05,5
MLBS_002,2023-09-19,1
MLBS_003,2017-08-22,2
MLBS_003,2017-09-05,3
MLBS_003,2017-09-19,5
MLBS_003,2018-04-24,1
MLBS_003,2018-05-08,2
MLBS_003,2018-05-22,6
MLBS_003,2018-06-05,9
MLBS_003,2018-06-19,6
MLBS_003,2018-07-03,8
MLBS_003,2018-07-17,7
MLBS_003,2018-07-31,3
MLBS_003,2018-08-14,3
MLBS_003,2018-08-28,2
MLBS_003,2018-09-11,4
MLBS_003,2019-05-07,5
MLBS_003,2019-05-21,7
MLBS_003,2019-06-04,7
MLBS_003,2019-06-18,5
MLBS_003,2019-07-02,9
MLBS_003,2019-07-16,8
MLBS_003,2019-07-30,5
MLBS_003,2019-08-13,2
MLBS_003,2019-08-27,5
MLBS_003,2019-09-10,1
MLBS_003,2019-09-24,2
MLBS_003,2020-07-14,3
MLBS_003,2021-05-04,3
MLBS_003,2021-05-18,5
MLBS_003,2021-06-01,9
MLBS_003,2021-06-15,7
MLBS_003,2021-06-29,11
MLBS_003,2021-07-13,9
MLBS_003,2021-07-27,8
MLBS_003,2021-08-10,2
MLBS_003,2021-08-24,2
MLBS_003,2021-09-07,6
MLBS_003,2021-09-21,5
MLBS_003,2022-05-17,7
MLBS_003,2022-05-31,6
MLBS_003,2022-06-14,6
MLBS_003,2022-06-28,7
MLBS_003,2022-07-12,5
MLBS_003,2022-08-23,3
MLBS_003,2022-09-06,3
MLBS_003,2022-09-20,1
MLBS_003,2023-05-02,3
MLBS_003,2023-05-16,5
MLBS_003,2023-05-30,6
MLBS_003,2023-06-13,3
MLBS_003,2023-06-27,7
MLBS_003,2023-08-08,3
MLBS_003,2023-08-22,3
MLBS_003,2023-09-05,4
MLBS_003,2023-09-19,5
MLBS_005,2017-08-22,2
MLBS_005,2017-09-05,6
MLBS_005,2017-09-19,7
MLBS_005,2018-04-24,3
MLBS_005,2018-05-08,3
MLBS_005,2018-05-22,4
MLBS_005,2018-06-05,12
MLBS_005,2018-06-19,7
MLBS_005,2018-07-03,8
MLBS_005,2018-07-17,1
MLBS_005,2018-07-31,6
MLBS_005,2018-08-14,5
MLBS_005,2018-08-28,8
MLBS_005,2018-09-11,5
MLBS_005,2018-09-25,6
MLBS_005,2019-05-07,2
MLBS_005,2019-05-21,4
MLBS_005,2019-06-04,5
MLBS_005,2019-06-18,8
MLBS_005,2019-07-02,2
MLBS_005,2019-07-16,5
MLBS_005,2019-07-30,3
MLBS_005,2019-08-13,6
MLBS_005,2019-08-27,5
MLBS_005,2019-09-10,4
MLBS_005,2019-09-24,4
MLBS_005,2020-07-14,6
MLBS_005,2021-05-04,2
MLBS_005,2021-05-18,3
MLBS_005,2021-06-01,2
MLBS_005,2021-06-15,8
MLBS_005,2021-06-29,7
MLBS_005,2021-07-13,7
MLBS_005,2021-07-27,4
MLBS_005,2021-08-10,7
MLBS_005,2021-08-24,5
MLBS_005,2021-09-07,3
MLBS_005,2021-09-21,3
MLBS_005,2022-05-17,1
MLBS_005,2022-05-31,4
MLBS_005,2022-06-14,5
MLBS_005,2022-06-28,4
MLBS_005,2022-07-12,6
MLBS_005,2022-08-23,6
MLBS_005,2022-09-06,6
MLBS_005,2022-09-20,4
MLBS_005,2023-05-02,1
MLBS_005,2023-05-16,6
MLBS_005,2023-05-30,3
MLBS_005,2023-06-13,6
MLBS_005,2023-06-27,8
MLBS_005,2023-07-11,8
MLBS_005,2023-07-25,7
MLBS_005,2023-08-08,6
MLBS_005,2023-08-22,6
MLBS_005,2023-09-05,6
MLBS_005,2023-09-19,4
MLBS_006,2018-04-24,3
MLBS_006,2018-05-08,1
MLBS_006,2018-05-22,3
MLBS_006,2018-06-05,5
MLBS_006,2018-06-19,4
MLBS_006,2018-07-03,4
MLBS_006,2018-07-17,6
MLBS_006,2018-07-31,3
MLBS_006,2018-08-14,4
MLBS_006,2018-08-28,3
MLBS_006,2018-09-11,4
MLBS_006,2018-09-25,3
MLBS_006,2019-05-07,3
MLBS_006,2019-05-21,2
MLBS_006,2019-06-04,4
MLBS_006,2019-06-18,3
MLBS_006,2019-07-02,6
MLBS_006,2019-07-16,4
MLBS_006,2019-07-30,3
MLBS_006,2019-08-13,4
MLBS_006,2019-08-27,1
MLBS_006,2019-09-10,2
MLBS_006,2019-09-24,2
MLBS_006,2020-07-14,6
MLBS_006,2021-05-04,1
MLBS_006,2021-05-18,2
MLBS_006,2021-06-01,3
MLBS_006,2021-06-15,4
MLBS_006,2021-06-29,3
MLBS_006,2021-07-13,4
MLBS_006,2021-07-27,2
MLBS_006,2021-08-10,1
MLBS_006,2021-08-24,2
MLBS_006,2021-09-07,1
MLBS_006,2021-09-21,1
MLBS_006,2022-05-17,3
MLBS_006,2022-05-31,4
MLBS_006,2022-06-14,4
MLBS_006,2022-06-28,3
MLBS_006,2022-07-12,5
MLBS_006,2022-08-23,4
MLBS_006,2022-09-06,2
MLBS_006,2022-09-20,1
MLBS_006,2023-05-02,2
MLBS_006,2023-05-16,2
MLBS_006,2023-05-30,3
MLBS_006,2023-06-13,4
MLBS_006,2023-06-27,5
MLBS_006,2023-07-11,3
MLBS_006,2023-07-27,5
MLBS_006,2023-08-22,3
MLBS_006,2023-09-05,2
MLBS_006,2023-09-19,3
MLBS_007,2018-04-24,1
MLBS_007,2018-05-08,1
MLBS_007,2018-05-22,3
MLBS_007,2018-06-05,3
MLBS_007,2018-06-19,4
MLBS_007,2018-07-03,3
MLBS_007,2018-07-17,4
MLBS_007,2018-07-31,6
MLBS_007,2018-08-14,4
MLBS_007,2018-08-28,2
MLBS_007,2018-09-11,4
MLBS_007,2018-09-25,5
MLBS_007,2019-05-07,2
MLBS_007,2019-05-21,1
MLBS_007,2019-06-04,3
MLBS_007,2019-06-18,6
MLBS_007,2019-07-02,5
MLBS_007,2019-07-16,3
MLBS_007,2019-07-30,1
MLBS_007,2019-08-13,4
MLBS_007,2019-08-27,6
MLBS_007,2019-09-10,3
MLBS_007,2019-09-24,1
MLBS_007,2020-07-14,3
MLBS_007,2021-05-04,1
MLBS_007,2021-05-18,3
MLBS_007,2021-06-01,2
MLBS_007,2021-06-15,5
MLBS_007,2021-06-29,3
MLBS_007,2021-07-13,4
MLBS_007,2021-07-27,4
MLBS_007,2021-08-10,3
MLBS_007,2021-08-24,3
MLBS_007,2021-09-07,2
MLBS_007,2021-09-21,3
MLBS_007,2022-05-03,2
MLBS_007,2022-05-17,2
MLBS_007,2022-05-31,4
MLBS_007,2022-06-14,5
MLBS_007,2022-06-28,3
MLBS_007,2022-07-12,4
MLBS_007,2022-08-23,2
MLBS_007,2022-09-06,2
MLBS_007,2022-09-20,4
MLBS_007,2023-05-02,1
MLBS_007,2023-05-16,1
MLBS_007,2023-09-05,2
MLBS_007,2023-09-19,1
MLBS_008,2018-04-24,3
MLBS_008,2018-05-08,4
MLBS_008,2018-05-22,7
MLBS_008,2018-06-05,6
MLBS_008,2018-06-19,6
MLBS_008,2018-07-03,4
MLBS_008,2018-07-17,6
MLBS_008,2018-07-31,4
MLBS_008,2018-08-14,5
MLBS_008,2018-08-28,5
MLBS_008,2018-09-11,3
MLBS_008,2018-09-25,2
MLBS_008,2019-05-07,3
MLBS_008,2019-05-21,6
MLBS_008,2019-06-04,3
MLBS_008,2019-06-18,5
MLBS_008,2019-07-02,7
MLBS_008,2019-07-16,7
MLBS_008,2019-07-30,5
MLBS_008,2019-08-13,7
MLBS_008,2019-08-27,7
MLBS_008,2019-09-10,6
MLBS_008,2019-09-24,4
MLBS_008,2020-07-14,4
MLBS_008,2021-05-04,6
MLBS_008,2021-05-18,6
MLBS_008,2021-06-01,9
MLBS_008,2021-06-15,7
MLBS_008,2021-06-29,7
MLBS_008,2021-07-13,7
MLBS_008,2021-07-27,4
MLBS_008,2021-08-10,3
MLBS_008,2021-08-24,4
MLBS_008,2021-09-07,4
MLBS_008,2021-09-21,3
MLBS_008,2022-05-31,6
MLBS_008,2022-06-14,9
MLBS_008,2022-06-28,6
MLBS_008,2022-07-12,5
MLBS_008,2022-08-23,2
MLBS_008,2022-09-06,2
MLBS_008,2022-09-20,1
MLBS_009,2017-08-22,4
MLBS_009,2017-09-05,4
MLBS_009,2017-09-19,4
MLBS_009,2018-04-24,2
MLBS_009,2018-05-08,2
MLBS_009,2018-05-22,5
MLBS_009,2018-06-05,3
MLBS_009,2018-06-19,6
MLBS_009,2018-07-03,1
MLBS_009,2018-07-17,4
MLBS_009,2018-07-31,1
MLBS_009,2018-08-14,6
MLBS_009,2018-08-28,1
MLBS_009,2018-09-11,2
MLBS_009,2018-09-25,4
MLBS_009,2019-05-07,4
MLBS_009,2019-05-21,4
MLBS_009,2019-06-04,6
MLBS_009,2019-06-18,2
MLBS_009,2019-07-02,5
MLBS_009,2019-07-16,2
MLBS_009,2019-07-30,3
MLBS_009,2019-08-13,3
MLBS_009,2019-08-27,3
MLBS_009,2019-09-10,3
MLBS_009,2019-09-24,3
MLBS_009,2020-07-14,2
MLBS_009,2021-05-04,5
MLBS_009,2021-05-18,4
MLBS_009,2021-06-01,6
MLBS_009,2021-06-15,10
MLBS_009,2021-06-29,5
MLBS_009,2021-07-13,6
MLBS_009,2021-07-27,6
MLBS_009,2021-08-10,6
MLBS_009,2021-08-24,5
MLBS_009,2021-09-07,5
MLBS_009,2021-09-21,4
MLBS_009,2022-05-17,5
MLBS_009,2022-05-31,5
MLBS_009,2022-06-14,6
MLBS_009,2022-06-28,5
MLBS_009,2022-07-12,8
MLBS_009,2022-08-23,8
MLBS_009,2022-09-06,5
MLBS_009,2022-09-20,3
MLBS_010,2017-08-22,4
MLBS_010,2017-09-06,4
MLBS_010,2017-09-20,5
MLBS_010,2018-05-08,2
MLBS_010,2018-05-22,4
MLBS_010,2018-06-05,6
MLBS_010,2018-06-19,3
MLBS_010,2018-07-03,6
MLBS_010,2018-07-17,5
MLBS_010,2018-07-31,3
MLBS_010,2018-08-14,3
MLBS_010,2018-08-28,4
MLBS_010,2018-09-11,4
MLBS_010,2018-09-25,5
MLBS_010,2019-05-07,2
MLBS_010,2019-05-21,7
MLBS_010,2019-06-04,7
MLBS_010,2019-06-18,9
MLBS_010,2019-07-02,8
MLBS_010,2019-07-16,7
MLBS_010,2019-07-30,2
MLBS_010,2019-08-13,3
MLBS_010,2019-08-27,5
MLBS_010,2019-09-10,2
MLBS_010,2019-09-24,1
MLBS_010,2020-07-14,7
MLBS_010,2021-05-04,3
MLBS_010,2021-05-18,3
MLBS_010,2021-06-01,5
MLBS_010,2021-06-15,8
MLBS_010,2021-06-29,7
MLBS_010,2021-07-13,13
MLBS_010,2021-07-27,8
MLBS_010,2021-08-10,5
MLBS_010,2021-08-24,7
MLBS_010,2021-09-07,4
MLBS_010,2021-09-21,4
MLBS_010,2022-05-17,1
MLBS_010,2022-05-31,4
MLBS_010,2022-06-14,5
MLBS_010,2022-06-28,10
MLBS_010,2022-07-12,9
MLBS_010,2022-08-23,3
MLBS_010,2022-09-06,3
MLBS_010,2022-09-20,4
MLBS_011,2018-04-24,4
MLBS_011,2018-05-08,1
MLBS_011,2018-05-22,7
MLBS_011,2018-06-05,5
MLBS_011,2018-06-19,8
MLBS_011,2018-07-03,7
MLBS_011,2018-07-17,3
MLBS_011,2018-07-31,5
MLBS_011,2018-08-14,4
MLBS_011,2018-08-28,7
MLBS_011,2018-09-11,6
MLBS_011,2018-09-25,3
MLBS_011,2019-05-07,3
MLBS_011,2019-05-21,5
MLBS_011,2019-06-04,5
MLBS_011,2019-06-18,8
MLBS_011,2019-07-02,6
MLBS_011,2019-07-16,8
MLBS_011,2019-07-30,7
MLBS_011,2019-08-13,3
MLBS_011,2019-08-27,3
MLBS_011,2019-09-10,4
MLBS_011,2019-09-24,4
MLBS_011,2020-07-14,6
MLBS_011,2021-05-04,3
MLBS_011,2021-05-18,3
MLBS_011,2021-06-01,3
MLBS_011,2021-06-15,5
MLBS_011,2021-06-29,6
MLBS_011,2021-07-13,6
MLBS_011,2021-07-27,3
MLBS_011,2021-08-10,2
MLBS_011,2021-08-24,6
MLBS_011,2021-09-07,5
MLBS_011,2021-09-21,4
MLBS_011,2022-05-17,3
MLBS_011,2022-05-31,5
MLBS_011,2022-06-14,7
MLBS_011,2022-06-28,5
MLBS_011,2022-07-12,8
MLBS_011,2022-08-23,4
MLBS_011,2022-09-06,8
MLBS_011,2022-09-20,4
ORNL_001,2016-03-29,1
ORNL_001,2016-04-12,1
ORNL_001,2016-06-21,1
ORNL_001,2016-08-02,1
ORNL_001,2016-08-16,1
ORNL_001,2016-08-30,1
ORNL_001,2016-09-27,1
ORNL_001,2017-03-29,1
ORNL_001,2017-04-12,1
ORNL_001,2017-04-26,1
ORNL_001,2017-06-07,1
ORNL_001,2017-06-21,1
ORNL_001,2017-07-05,1
ORNL_001,2017-07-19,1
ORNL_001,2018-06-21,1
ORNL_001,2018-08-30,1
ORNL_001,2018-09-13,1
ORNL_001,2018-09-27,1
ORNL_001,2019-04-03,1
ORNL_001,2019-05-15,1
ORNL_001,2019-05-29,1
ORNL_001,2019-06-12,2
ORNL_001,2019-07-10,1
ORNL_001,2019-08-07,1
ORNL_001,2019-08-21,1
ORNL_001,2019-09-04,1
ORNL_001,2019-09-18,1
ORNL_001,2020-05-27,3
ORNL_001,2020-06-10,2
ORNL_001,2020-06-24,1
ORNL_001,2020-07-08,1
ORNL_001,2020-07-22,4
ORNL_001,2021-04-14,1
ORNL_001,2021-04-28,1
ORNL_001,2021-05-12,1
ORNL_001,2021-06-09,1
ORNL_001,2021-07-07,1
ORNL_001,2021-07-21,1
ORNL_001,2021-08-04,3
ORNL_001,2021-08-18,2
ORNL_001,2021-09-01,2
ORNL_001,2021-09-15,1
ORNL_001,2022-03-30,1
ORNL_001,2022-04-27,1
ORNL_001,2022-05-11,1
ORNL_001,2022-05-25,1
ORNL_001,2022-06-08,2
ORNL_001,2022-06-22,1
ORNL_001,2022-07-06,4
ORNL_001,2022-07-20,4
ORNL_001,2022-08-17,3
ORNL_001,2022-08-31,3
ORNL_001,2022-09-14,1
ORNL_001,2023-05-24,1
ORNL_001,2023-06-07,1
ORNL_001,2023-07-19,2
ORNL_002,2016-03-29,2
ORNL_002,2016-04-12,1
ORNL_002,2016-04-26,1
ORNL_002,2016-05-10,3
ORNL_002,2016-05-24,2
ORNL_002,2016-06-07,1
ORNL_002,2016-06-21,1
ORNL_002,2016-07-05,2
ORNL_002,2016-07-19,1
ORNL_002,2016-08-02,1
ORNL_002,2017-03-29,3
ORNL_002,2017-04-12,2
ORNL_002,2017-08-02,1
ORNL_002,2017-08-16,1
ORNL_002,2017-09-27,1
ORNL_002,2018-04-12,1
ORNL_002,2018-05-24,2
ORNL_002,2018-06-07,1
ORNL_002,2018-06-21,3
ORNL_002,2018-07-05,1
ORNL_002,2018-07-19,2
ORNL_002,2019-04-03,1
ORNL_002,2019-04-17,1
ORNL_002,2019-05-15,2
ORNL_002,2019-06-26,1
ORNL_002,2019-09-04,2
ORNL_002,2020-06-10,1
ORNL_002,2020-06-24,1
ORNL_002,2020-07-08,2
ORNL_002,2020-07-14,1
ORNL_002,2021-03-31,1
ORNL_002,2021-04-14,1
ORNL_002,2021-04-28,1
ORNL_002,2021-05-12,1
ORNL_002,2021-05-26,3
ORNL_002,2021-06-09,4
ORNL_002,2021-06-23,3
ORNL_002,2021-07-07,3
ORNL_002,2021-07-21,3
ORNL_002,2021-08-04,2
ORNL_002,2021-08-18,1
ORNL_002,2021-09-01,3
ORNL_002,2021-09-15,2
ORNL_002,2022-03-30,1
ORNL_002,2022-04-27,3
ORNL_002,2022-05-11,4
ORNL_002,2022-05-25,2
ORNL_002,2022-06-08,3
ORNL_002,2022-06-22,3
ORNL_002,2022-07-06,2
ORNL_002,2022-07-20,2
ORNL_002,2022-08-03,2
ORNL_002,2022-08-17,1
ORNL_002,2022-08-31,1
ORNL_002,2022-09-14,1
ORNL_002,2022-09-28,2
ORNL_002,2023-03-29,1
ORNL_002,2023-04-26,3
ORNL_002,2023-05-10,1
ORNL_002,2023-05-24,1
ORNL_002,2023-06-26,1
ORNL_002,2023-07-19,1
ORNL_002,2023-08-02,1
ORNL_002,2023-08-30,2
ORNL_003,2016-03-29,1
ORNL_003,2016-04-12,2
ORNL_003,2016-05-10,2
ORNL_003,2016-05-24,1
ORNL_003,2016-06-07,2
ORNL_003,2016-06-21,2
ORNL_003,2016-08-16,1
ORNL_003,2016-08-30,2
ORNL_003,2017-03-29,2
ORNL_003,2017-04-26,2
ORNL_003,2017-05-10,3
ORNL_003,2017-06-07,1
ORNL_003,2017-06-21,2
ORNL_003,2017-07-05,4
ORNL_003,2017-07-19,4
ORNL_003,2017-08-02,1
ORNL_003,2017-08-30,2
ORNL_003,2017-09-13,1
ORNL_003,2017-09-27,2
ORNL_003,2018-04-26,1
ORNL_003,2018-05-24,2
ORNL_003,2018-06-07,1
ORNL_003,2018-07-05,1
ORNL_003,2018-07-19,4
ORNL_003,2018-08-02,2
ORNL_003,2018-09-13,1
ORNL_003,2018-09-27,1
ORNL_003,2019-04-17,1
ORNL_003,2019-05-01,2
ORNL_003,2019-05-15,1
ORNL_003,2019-05-29,3
ORNL_003,2019-06-26,1
ORNL_003,2019-07-10,3
ORNL_003,2019-07-24,1
ORNL_003,2019-08-21,1
ORNL_003,2019-09-04,2
ORNL_003,2019-09-18,1
ORNL_003,2020-05-27,4
ORNL_003,2020-06-10,1
ORNL_003,2020-06-24,2
ORNL_003,2020-07-08,2
ORNL_003,2021-03-31,1
ORNL_003,2021-04-14,1
ORNL_003,2021-06-09,2
ORNL_003,2021-07-07,3
ORNL_003,2021-07-21,1
ORNL_003,2021-08-04,3
ORNL_003,2021-08-18,1
ORNL_003,2021-09-01,1
ORNL_003,2021-09-15,2
ORNL_003,2022-03-30,1
ORNL_003,2022-04-13,1
ORNL_003,2022-04-27,4
ORNL_003,2022-05-11,1
ORNL_003,2022-05-25,2
ORNL_003,2022-06-08,2
ORNL_003,2022-06-22,6
ORNL_003,2022-07-06,4
ORNL_003,2022-07-20,3
ORNL_003,2022-08-03,3
ORNL_003,2022-08-17,2
ORNL_003,2022-08-31,2
ORNL_003,2022-09-14,3
ORNL_003,2022-09-28,4
ORNL_003,2023-03-29,2
ORNL_003,2023-05-24,1
ORNL_003,2023-06-07,1
ORNL_003,2023-07-19,6
ORNL_003,2023-08-02,4
ORNL_003,2023-08-16,2
ORNL_003,2023-08-30,1
ORNL_003,2023-09-13,1
ORNL_004,2016-03-29,1
ORNL_004,2016-04-12,1
ORNL_004,2016-05-10,2
ORNL_004,2016-05-24,1
ORNL_004,2016-06-21,1
ORNL_004,2016-07-05,3
ORNL_004,2016-07-19,1
ORNL_004,2016-08-02,1
ORNL_004,2016-08-16,1
ORNL_004,2016-08-30,3
ORNL_004,2016-10-11,1
ORNL_004,2017-04-12,1
ORNL_004,2017-04-26,1
ORNL_004,2017-06-07,1
ORNL_004,2017-07-05,2
ORNL_004,2017-08-16,1
ORNL_004,2018-07-05,1
ORNL_004,2018-07-19,2
ORNL_004,2018-08-02,2
ORNL_004,2018-08-16,2
ORNL_004,2018-08-30,1
ORNL_004,2018-09-13,1
ORNL_004,2019-04-03,1
ORNL_004,2019-04-17,1
ORNL_004,2019-05-01,2
ORNL_004,2019-05-29,1
ORNL_004,2019-06-26,1
ORNL_004,2019-07-10,1
ORNL_004,2019-08-07,2
ORNL_004,2019-08-21,2
ORNL_004,2020-05-27,1
ORNL_004,2020-06-10,1
ORNL_004,2020-06-24,2
ORNL_004,2020-07-08,2
ORNL_004,2021-04-14,2
ORNL_004,2021-04-28,1
ORNL_004,2021-05-12,1
ORNL_004,2021-05-26,2
ORNL_004,2021-06-09,2
ORNL_004,2021-07-07,2
ORNL_004,2021-07-21,2
ORNL_004,2021-08-18,2
ORNL_004,2022-04-27,3
ORNL_004,2022-05-11,1
ORNL_004,2022-05-25,1
ORNL_004,2022-06-22,2
ORNL_004,2022-07-20,3
ORNL_004,2022-08-03,1
ORNL_004,2022-08-17,2
ORNL_004,2022-08-31,1
ORNL_004,2022-09-14,1
ORNL_004,2022-09-28,1
ORNL_004,2023-04-26,2
ORNL_004,2023-05-24,2
ORNL_004,2023-06-07,1
ORNL_004,2023-07-19,1
ORNL_004,2023-08-02,1
ORNL_004,2023-08-30,1
ORNL_006,2016-03-29,1
ORNL_006,2016-04-12,1
ORNL_006,2016-04-26,2
ORNL_006,2016-05-10,2
ORNL_006,2016-05-24,1
ORNL_006,2016-06-07,2
ORNL_006,2016-06-21,2
ORNL_006,2016-07-05,1
ORNL_006,2016-07-19,2
ORNL_006,2016-08-02,2
ORNL_006,2016-08-16,1
ORNL_006,2016-08-30,1
ORNL_006,2016-09-13,2
ORNL_006,2016-09-27,3
ORNL_006,2016-10-11,1
ORNL_006,2017-03-29,1
ORNL_006,2017-04-12,1
ORNL_006,2017-04-26,1
ORNL_006,2017-05-10,2
ORNL_006,2017-05-24,1
ORNL_006,2017-06-07,2
ORNL_006,2017-06-21,3
ORNL_006,2017-07-05,1
ORNL_006,2017-07-19,1
ORNL_006,2017-08-16,3
ORNL_006,2017-09-13,1
ORNL_006,2017-09-27,3
ORNL_006,2018-04-12,2
ORNL_006,2018-05-10,1
ORNL_006,2018-05-24,2
ORNL_006,2018-06-07,3
ORNL_006,2018-06-21,2
ORNL_006,2018-07-05,2
ORNL_006,2018-07-19,2
ORNL_006,2018-08-16,1
ORNL_006,2018-08-30,1
ORNL_006,2018-09-13,5
ORNL_006,2018-09-27,4
ORNL_006,2019-04-03,2
ORNL_006,2019-04-17,2
ORNL_006,2019-05-01,2
ORNL_006,2019-05-15,4
ORNL_006,2019-05-29,4
ORNL_006,2019-06-12,3
ORNL_006,2019-06-26,3
ORNL_006,2019-07-10,3
ORNL_006,2019-07-24,1
ORNL_006,2019-08-07,2
ORNL_006,2019-08-21,1
ORNL_006,2019-09-04,2
ORNL_006,2019-09-18,1
ORNL_006,2020-05-27,4
ORNL_006,2020-06-10,2
ORNL_006,2020-06-24,1
ORNL_006,2020-07-08,1
ORNL_006,2020-07-22,5
ORNL_006,2021-03-31,2
ORNL_006,2021-04-14,3
ORNL_006,2021-04-28,3
ORNL_006,2021-05-12,3
ORNL_006,2021-05-26,1
ORNL_006,2021-06-09,2
ORNL_006,2021-06-23,4
ORNL_006,2021-07-07,4
ORNL_006,2021-07-21,2
ORNL_006,2021-08-04,1
ORNL_006,2021-08-18,3
ORNL_006,2021-09-01,2
ORNL_006,2021-09-15,5
ORNL_006,2022-03-30,1
ORNL_006,2022-04-13,2
ORNL_006,2022-04-27,3
ORNL_006,2022-05-11,1
ORNL_006,2022-05-25,4
ORNL_006,2022-06-08,5
ORNL_006,2022-06-22,2
ORNL_006,2022-07-06,4
ORNL_006,2022-07-20,3
ORNL_006,2022-08-03,2
ORNL_006,2022-08-17,2
ORNL_006,2022-08-31,1
ORNL_006,2022-09-14,1
ORNL_006,2023-03-29,1
ORNL_006,2023-04-12,2
ORNL_006,2023-04-26,1
ORNL_006,2023-05-10,3
ORNL_006,2023-05-24,3
ORNL_006,2023-06-07,2
ORNL_006,2023-06-26,1
ORNL_006,2023-07-19,1
ORNL_006,2023-08-02,1
ORNL_006,2023-08-30,2
ORNL_006,2023-09-13,2
ORNL_006,2023-09-27,2
ORNL_007,2019-04-03,1
ORNL_007,2019-04-17,1
ORNL_007,2019-05-01,3
ORNL_007,2019-05-15,1
ORNL_007,2019-05-29,3
ORNL_007,2019-06-12,4
ORNL_007,2019-06-26,5
ORNL_007,2019-07-10,5
ORNL_007,2019-07-24,2
ORNL_007,2019-08-07,5
ORNL_007,2019-08-21,4
ORNL_007,2019-09-04,5
ORNL_007,2019-09-18,1
ORNL_007,2020-05-27,5
ORNL_007,2020-06-10,4
ORNL_007,2020-06-24,3
ORNL_007,2020-07-08,3
ORNL_007,2020-07-22,6
ORNL_007,2021-03-31,4
ORNL_007,2021-04-14,3
ORNL_007,2021-04-28,2
ORNL_007,2021-05-12,3
ORNL_007,2021-05-26,2
ORNL_007,2021-06-09,1
ORNL_007,2021-06-23,3
ORNL_007,2021-07-07,5
ORNL_007,2021-07-21,4
ORNL_007,2021-08-04,2
ORNL_007,2021-08-18,2
ORNL_007,2021-09-01,2
ORNL_007,2021-09-15,3
ORNL_007,2022-03-30,2
ORNL_007,2022-04-13,1
ORNL_007,2022-04-27,3
ORNL_007,2022-05-11,4
ORNL_007,2022-05-25,5
ORNL_007,2022-06-08,4
ORNL_007,2022-06-22,6
ORNL_007,2022-07-06,3
ORNL_007,2022-07-20,3
ORNL_007,2022-08-03,5
ORNL_007,2022-08-17,3
ORNL_007,2022-08-31,4
ORNL_007,2022-09-14,3
ORNL_007,2022-09-28,4
ORNL_008,2019-04-03,4
ORNL_008,2019-04-17,3
ORNL_008,2019-05-01,3
ORNL_008,2019-05-15,2
ORNL_008,2019-05-29,3
ORNL_008,2019-06-12,3
ORNL_008,2019-06-26,4
ORNL_008,2019-07-10,2
ORNL_008,2019-07-24,3
ORNL_008,2019-08-07,1
ORNL_008,2019-08-21,3
ORNL_008,2019-09-04,2
ORNL_008,2019-09-18,1
ORNL_008,2020-05-27,3
ORNL_008,2020-06-10,1
ORNL_008,2020-06-24,1
ORNL_008,2020-07-08,4
ORNL_008,2020-07-22,1
ORNL_008,2021-03-31,3
ORNL_008,2021-04-14,2
ORNL_008,2021-04-28,1
ORNL_008,2021-05-12,3
ORNL_008,2021-05-26,5
ORNL_008,2021-06-09,1
ORNL_008,2021-06-23,4
ORNL_008,2021-07-07,3
ORNL_008,2021-07-21,3
ORNL_008,2021-08-04,3
ORNL_008,2021-08-18,1
ORNL_008,2021-09-01,2
ORNL_008,2021-09-15,1
ORNL_008,2022-03-30,2
ORNL_008,2022-04-27,1
ORNL_008,2022-05-11,3
ORNL_008,2022-06-08,1
ORNL_008,2022-06-22,1
ORNL_008,2022-07-06,2
ORNL_008,2022-07-20,3
ORNL_008,2022-08-03,3
ORNL_008,2022-08-17,1
ORNL_008,2022-08-31,1
ORNL_008,2022-09-14,1
ORNL_008,2022-09-28,1
ORNL_010,2019-04-03,2
ORNL_010,2019-04-17,1
ORNL_010,2019-05-01,2
ORNL_010,2019-05-15,1
ORNL_010,2019-05-29,2
ORNL_010,2019-06-12,2
ORNL_010,2019-06-26,5
ORNL_010,2019-07-10,3
ORNL_010,2019-07-24,2
ORNL_010,2019-08-07,2
ORNL_010,2019-08-21,1
ORNL_010,2019-09-04,2
ORNL_010,2019-09-18,1
ORNL_010,2020-05-27,4
ORNL_010,2020-06-10,4
ORNL_010,2020-06-24,3
ORNL_010,2020-07-08,2
ORNL_010,2020-07-22,5
ORNL_010,2021-03-31,1
ORNL_010,2021-04-14,4
ORNL_010,2021-04-28,1
ORNL_010,2021-05-12,1
ORNL_010,2021-05-26,3
ORNL_010,2021-06-09,1
ORNL_010,2021-06-23,1
ORNL_010,2021-07-07,3
ORNL_010,2021-07-21,1
ORNL_010,2021-08-04,1
ORNL_010,2021-09-01,3
ORNL_010,2021-09-15,1
ORNL_010,2022-04-27,1
ORNL_010,2022-05-11,1
ORNL_010,2022-05-25,4
ORNL_010,2022-06-08,3
ORNL_010,2022-06-22,2
ORNL_010,2022-07-06,2
ORNL_010,2022-07-20,2
ORNL_010,2022-08-03,3
ORNL_010,2022-08-17,2
ORNL_010,2022-08-31,2
ORNL_010,2022-09-14,1
ORNL_010,2022-09-28,2
ORNL_021,2016-04-12,1
ORNL_021,2016-04-26,4
ORNL_021,2016-05-10,2
ORNL_021,2016-05-24,5
ORNL_021,2016-06-07,3
ORNL_021,2016-06-21,7
ORNL_021,2016-07-05,4
ORNL_021,2016-08-30,1
ORNL_021,2016-09-13,2
ORNL_021,2016-09-19,1
ORNL_021,2016-10-11,3
ORNL_021,2017-03-29,4
ORNL_021,2017-04-12,3
ORNL_021,2017-04-26,5
ORNL_021,2017-05-10,7
ORNL_021,2017-05-24,5
ORNL_021,2017-06-07,6
ORNL_021,2017-06-21,8
ORNL_021,2017-07-05,3
ORNL_021,2017-07-19,2
ORNL_021,2017-08-02,4
ORNL_021,2017-08-16,4
ORNL_021,2017-09-13,4
ORNL_021,2017-09-27,2
ORNL_021,2018-04-12,5
ORNL_021,2018-04-26,3
ORNL_021,2018-05-10,4
ORNL_021,2018-05-24,7
ORNL_021,2018-06-07,5
ORNL_021,2018-06-21,10
ORNL_021,2018-07-05,8
ORNL_021,2018-07-19,4
ORNL_021,2018-08-02,2
ORNL_021,2018-08-16,2
ORNL_021,2018-08-30,1
ORNL_021,2018-09-13,4
ORNL_021,2018-09-27,7
ORNL_021,2019-04-03,1
ORNL_021,2019-04-17,10
ORNL_021,2019-05-01,10
ORNL_021,2019-05-15,6
ORNL_021,2019-05-29,8
ORNL_021,2019-06-12,7
ORNL_021,2019-06-26,7
ORNL_021,2019-07-10,6
ORNL_021,2019-07-24,4
ORNL_021,2019-08-07,2
ORNL_021,2019-08-21,2
ORNL_021,2019-09-04,5
ORNL_021,2019-09-18,1
ORNL_021,2020-05-27,6
ORNL_021,2020-06-10,7
ORNL_021,2020-06-24,9
ORNL_021,2020-07-08,5
ORNL_021,2020-07-22,3
ORNL_021,2021-03-31,2
ORNL_021,2021-04-14,2
ORNL_021,2021-04-28,3
ORNL_021,2021-05-12,5
ORNL_021,2021-05-26,4
ORNL_021,2021-06-09,5
ORNL_021,2021-06-23,4
ORNL_021,2021-07-07,6
ORNL_021,2021-07-21,7
ORNL_021,2021-08-04,3
ORNL_021,2021-08-18,1
ORNL_021,2021-09-01,1
ORNL_021,2021-09-15,3
ORNL_021,2022-03-30,1
ORNL_021,2022-04-13,3
ORNL_021,2022-04-27,4
ORNL_021,2022-05-11,2
ORNL_021,2022-05-25,3
ORNL_021,2022-06-08,6
ORNL_021,2022-06-22,6
ORNL_021,2022-07-06,4
ORNL_021,2022-08-03,3
ORNL_021,2022-08-17,3
ORNL_021,2022-09-14,4
ORNL_021,2022-09-28,3
ORNL_027,2016-03-29,1
ORNL_027,2016-04-12,1
ORNL_027,2016-05-10,2
ORNL_027,2016-05-24,4
ORNL_027,2016-06-07,2
ORNL_027,2016-06-21,6
ORNL_027,2016-07-05,7
ORNL_027,2016-07-19,5
ORNL_027,2016-08-02,2
ORNL_027,2016-08-16,3
ORNL_027,2016-08-30,1
ORNL_027,2016-09-13,3
ORNL_027,2016-09-27,2
ORNL_027,2016-10-11,1
ORNL_027,2017-03-29,2
ORNL_027,2017-04-12,2
ORNL_027,2017-04-26,1
ORNL_027,2017-05-10,2
ORNL_027,2017-05-24,3
ORNL_027,2017-06-21,2
ORNL_027,2017-07-05,3
ORNL_027,2017-07-19,2
ORNL_027,2017-08-02,3
ORNL_027,2017-08-16,1
ORNL_027,2017-08-30,1
ORNL_027,2017-09-13,2
ORNL_027,2017-09-27,2
ORNL_027,2018-04-26,2
ORNL_027,2018-06-07,1
ORNL_027,2018-06-21,1
ORNL_027,2018-07-05,5
ORNL_027,2018-07-19,3
ORNL_027,2018-08-02,4
ORNL_027,2018-08-16,3
ORNL_027,2018-08-30,1
ORNL_027,2018-09-13,1
ORNL_027,2018-09-28,3
ORNL_027,2019-04-03,1
ORNL_027,2019-04-17,2
ORNL_027,2019-05-01,2
ORNL_027,2019-05-29,3
ORNL_027,2019-06-12,1
ORNL_027,2019-06-26,3
ORNL_027,2019-07-10,1
ORNL_027,2019-07-24,2
ORNL_027,2019-08-07,1
ORNL_027,2019-08-21,1
ORNL_027,2019-09-04,1
ORNL_027,2020-05-27,2
ORNL_027,2020-06-10,1
ORNL_027,2020-06-24,4
ORNL_027,2020-07-08,2
ORNL_027,2020-07-22,3
ORNL_027,2021-05-12,2
ORNL_027,2021-05-26,2
ORNL_027,2021-06-09,1
ORNL_027,2021-06-23,4
ORNL_027,2021-07-07,8
ORNL_027,2021-07-21,6
ORNL_027,2021-08-04,4
ORNL_027,2021-08-18,3
ORNL_027,2021-09-01,1
ORNL_027,2022-05-11,3
ORNL_027,2022-06-08,5
ORNL_027,2022-06-22,6
ORNL_027,2022-07-06,1
ORNL_027,2022-07-20,4
ORNL_027,2022-08-03,2
ORNL_027,2022-08-31,1
ORNL_027,2022-09-14,1
ORNL_027,2023-04-26,2
ORNL_027,2023-05-10,2
ORNL_027,2023-05-24,1
ORNL_027,2023-06-28,3
ORNL_027,2023-07-19,1
ORNL_027,2023-08-02,3
ORNL_027,2023-08-16,1
ORNL_027,2023-08-30,1
ORNL_029,2016-06-21,1
ORNL_029,2016-07-05,3
ORNL_029,2016-08-02,1
ORNL_029,2016-09-27,1
ORNL_029,2016-10-11,1
ORNL_029,2017-04-12,1
ORNL_029,2017-04-26,1
ORNL_029,2017-05-10,1
ORNL_029,2017-05-24,1
ORNL_029,2017-06-07,1
ORNL_029,2017-06-21,2
ORNL_029,2017-08-02,1
ORNL_029,2017-09-27,1
ORNL_029,2018-05-24,1
ORNL_029,2018-07-05,1
ORNL_029,2018-07-19,2
ORNL_029,2018-09-13,1
ORNL_031,2016-03-29,1
ORNL_031,2016-04-12,1
ORNL_031,2016-04-26,2
ORNL_031,2016-05-10,3
ORNL_031,2016-05-24,3
ORNL_031,2016-06-07,2
ORNL_031,2016-06-21,3
ORNL_031,2016-07-19,1
ORNL_031,2016-08-16,1
ORNL_031,2016-08-30,1
ORNL_031,2016-09-13,1
ORNL_031,2016-09-27,1
ORNL_031,2016-10-11,1
ORNL_031,2017-03-29,1
ORNL_031,2017-04-12,3
ORNL_031,2017-04-26,4
ORNL_031,2017-05-10,4
ORNL_031,2017-05-24,4
ORNL_031,2017-06-07,8
ORNL_031,2017-06-21,6
ORNL_031,2017-07-05,7
ORNL_031,2017-07-19,8
ORNL_031,2017-08-02,3
ORNL_031,2017-08-16,5
ORNL_031,2017-08-30,2
ORNL_031,2017-09-13,3
ORNL_031,2017-09-27,2
ORNL_031,2018-04-12,3
ORNL_031,2018-04-26,6
ORNL_031,2018-05-10,7
ORNL_031,2018-05-24,7
ORNL_031,2018-06-07,8
ORNL_031,2018-06-21,7
ORNL_031,2018-07-05,12
ORNL_031,2018-07-19,4
ORNL_031,2018-08-02,3
ORNL_031,2018-08-16,1
ORNL_031,2018-08-30,1
ORNL_031,2018-09-13,2
ORNL_031,2018-09-27,6
ORNL_032,2016-03-29,1
ORNL_032,2016-04-12,1
ORNL_032,2016-04-26,3
ORNL_032,2016-05-10,1
ORNL_032,2016-05-24,1
ORNL_032,2016-06-07,1
ORNL_032,2016-06-21,2
ORNL_032,2016-07-05,3
ORNL_032,2016-07-19,2
ORNL_032,2016-08-02,1
ORNL_032,2016-08-30,1
ORNL_032,2016-09-13,4
ORNL_032,2016-09-27,1
ORNL_032,2017-03-29,2
ORNL_032,2017-04-12,1
ORNL_032,2017-04-26,1
ORNL_032,2017-05-10,1
ORNL_032,2017-05-24,1
ORNL_032,2017-07-05,2
ORNL_032,2017-07-19,2
ORNL_032,2017-08-30,2
ORNL_032,2017-09-27,1
ORNL_032,2018-05-10,1
ORNL_032,2018-05-24,1
ORNL_032,2018-06-07,1
ORNL_032,2018-06-21,2
ORNL_032,2018-07-05,2
ORNL_032,2018-08-02,3
ORNL_032,2018-08-16,1
ORNL_032,2018-08-30,2
ORNL_032,2018-09-13,1
ORNL_032,2018-09-27,1
SCBI_002,2016-04-26,3
SCBI_002,2016-05-10,1
SCBI_002,2016-05-24,4
SCBI_002,2016-06-07,8
SCBI_002,2016-06-21,3
SCBI_002,2016-07-05,5
SCBI_002,2016-07-19,6
SCBI_002,2016-08-02,6
SCBI_002,2016-08-16,8
SCBI_002,2016-08-30,5
SCBI_002,2016-09-13,8
SCBI_002,2016-09-27,4
SCBI_002,2017-04-13,6
SCBI_002,2017-04-27,5
SCBI_002,2017-05-11,2
SCBI_002,2017-05-26,3
SCBI_002,2017-06-22,8
SCBI_002,2017-07-06,2
SCBI_002,2017-07-20,8
SCBI_002,2017-08-03,9
SCBI_002,2017-08-17,4
SCBI_002,2017-08-31,5
SCBI_002,2017-09-14,6
SCBI_002,2017-09-28,3
SCBI_002,2018-04-12,3
SCBI_002,2018-04-26,2
SCBI_002,2018-05-10,7
SCBI_002,2018-05-24,4
SCBI_002,2018-06-07,8
SCBI_002,2018-06-21,5
SCBI_002,2018-07-05,1
SCBI_002,2018-07-19,3
SCBI_002,2018-08-02,1
SCBI_002,2018-08-30,1
SCBI_002,2018-09-13,1
SCBI_002,2018-09-27,1
SCBI_002,2019-04-11,3
SCBI_002,2019-04-25,3
SCBI_002,2019-05-09,4
SCBI_002,2019-05-23,4
SCBI_002,2019-06-06,3
SCBI_002,2019-06-20,4
SCBI_002,2019-07-04,7
SCBI_002,2019-07-18,2
SCBI_002,2019-08-01,2
SCBI_002,2019-08-15,2
SCBI_002,2019-08-29,2
SCBI_002,2019-09-12,1
SCBI_002,2019-09-26,2
SCBI_002,2020-07-02,4
SCBI_002,2020-07-16,2
SCBI_002,2020-07-30,2
SCBI_002,2020-08-13,7
SCBI_002,2020-09-10,8
SCBI_002,2020-09-24,2
SCBI_002,2021-04-08,3
SCBI_002,2021-04-22,2
SCBI_002,2021-05-06,8
SCBI_002,2021-05-20,3
SCBI_002,2021-06-03,7
SCBI_002,2021-06-17,5
SCBI_002,2021-07-01,7
SCBI_002,2021-07-15,6
SCBI_002,2021-07-29,5
SCBI_002,2021-08-12,5
SCBI_002,2021-08-26,6
SCBI_002,2021-09-09,4
SCBI_002,2021-09-23,3
SCBI_002,2022-04-07,1
SCBI_002,2022-04-21,2
SCBI_002,2022-05-05,2
SCBI_002,2022-05-19,2
SCBI_002,2022-06-02,3
SCBI_002,2022-06-16,1
SCBI_002,2022-06-30,7
SCBI_002,2022-07-14,1
SCBI_002,2022-07-28,5
SCBI_002,2022-08-11,3
SCBI_002,2022-08-25,4
SCBI_002,2022-09-08,2
SCBI_002,2023-06-29,1
SCBI_002,2023-07-13,3
SCBI_002,2023-07-27,1
SCBI_002,2023-08-10,3
SCBI_002,2023-08-24,1
SCBI_002,2023-09-07,1
SCBI_002,2023-09-21,2
SCBI_003,2016-04-26,2
SCBI_003,2016-05-10,2
SCBI_003,2016-05-24,2
SCBI_003,2016-06-21,1
SCBI_003,2016-07-19,1
SCBI_003,2016-08-16,1
SCBI_003,2016-08-30,1
SCBI_003,2016-09-13,1
SCBI_003,2017-04-27,2
SCBI_003,2017-05-25,1
SCBI_003,2017-07-20,1
SCBI_003,2017-08-17,1
SCBI_003,2017-08-31,5
SCBI_003,2017-09-14,5
SCBI_003,2018-06-21,1
SCBI_003,2018-08-02,2
SCBI_003,2018-08-16,3
SCBI_003,2018-08-30,3
SCBI_003,2018-09-13,3
SCBI_003,2018-09-27,1
SCBI_003,2019-04-11,1
SCBI_003,2019-05-09,1
SCBI_003,2019-05-23,4
SCBI_003,2019-06-06,2
SCBI_003,2019-06-20,1
SCBI_003,2019-07-04,2
SCBI_003,2019-07-18,1
SCBI_003,2019-08-15,4
SCBI_003,2019-08-29,1
SCBI_003,2019-09-12,3
SCBI_003,2019-09-26,2
SCBI_003,2020-07-02,2
SCBI_003,2020-07-16,3
SCBI_003,2020-07-30,3
SCBI_003,2020-08-13,2
SCBI_003,2020-08-27,3
SCBI_003,2020-09-10,4
SCBI_003,2020-09-24,1
SCBI_003,2021-04-22,2
SCBI_003,2021-05-06,2
SCBI_003,2021-06-03,5
SCBI_003,2021-06-17,5
SCBI_003,2021-07-01,3
SCBI_003,2021-07-15,2
SCBI_003,2021-07-29,8
SCBI_003,2021-08-12,3
SCBI_003,2021-08-26,1
SCBI_003,2021-09-09,3
SCBI_003,2022-04-21,1
SCBI_003,2022-06-02,1
SCBI_003,2022-06-16,2
SCBI_003,2022-06-30,1
SCBI_003,2022-07-28,1
SCBI_003,2022-08-25,4
SCBI_003,2022-09-08,2
SCBI_003,2023-05-04,1
SCBI_003,2023-05-18,1
SCBI_003,2023-06-01,2
SCBI_003,2023-07-03,1
SCBI_003,2023-07-13,1
SCBI_003,2023-08-10,7
SCBI_003,2023-08-24,2
SCBI_003,2023-09-07,1
SCBI_004,2016-04-26,5
SCBI_004,2016-05-24,3
SCBI_004,2016-06-21,1
SCBI_004,2016-07-05,3
SCBI_004,2016-07-19,3
SCBI_004,2016-08-02,3
SCBI_004,2016-08-16,2
SCBI_004,2016-08-30,3
SCBI_004,2016-09-13,1
SCBI_004,2017-04-13,1
SCBI_004,2017-04-27,4
SCBI_004,2017-05-11,3
SCBI_004,2017-05-25,2
SCBI_004,2017-06-08,6
SCBI_004,2017-06-22,4
SCBI_004,2017-07-06,3
SCBI_004,2017-07-20,1
SCBI_004,2017-08-03,4
SCBI_004,2017-08-17,2
SCBI_004,2017-09-14,1
SCBI_004,2018-04-26,1
SCBI_004,2018-05-10,1
SCBI_004,2018-05-24,2
SCBI_004,2018-07-05,4
SCBI_004,2018-07-19,1
SCBI_004,2018-08-02,1
SCBI_004,2018-08-16,1
SCBI_004,2018-08-30,2
SCBI_004,2019-04-11,1
SCBI_004,2019-04-25,1
SCBI_004,2019-05-09,3
SCBI_004,2019-05-23,2
SCBI_004,2019-06-06,3
SCBI_004,2019-06-20,2
SCBI_004,2019-07-04,3
SCBI_004,2019-07-18,6
SCBI_004,2019-08-01,4
SCBI_004,2019-08-15,4
SCBI_004,2019-08-29,4
SCBI_004,2019-09-12,2
SCBI_004,2019-09-26,2
SCBI_004,2020-07-02,1
SCBI_004,2020-07-16,4
SCBI_004,2020-07-30,3
SCBI_004,2020-08-13,2
SCBI_004,2020-08-27,1
SCBI_004,2020-09-10,1
SCBI_004,2020-09-24,1
SCBI_004,2021-04-08,3
SCBI_004,2021-04-22,2
SCBI_004,2021-05-06,4
SCBI_004,2021-05-20,6
SCBI_004,2021-06-03,5
SCBI_004,2021-06-17,8
SCBI_004,2021-07-01,10
SCBI_004,2021-07-15,9
SCBI_004,2021-07-29,6
SCBI_004,2021-08-12,6
SCBI_004,2021-08-26,6
SCBI_004,2021-09-09,4
SCBI_004,2021-09-23,1
SCBI_004,2022-04-21,5
SCBI_004,2022-05-05,2
SCBI_004,2022-05-19,2
SCBI_004,2022-06-02,4
SCBI_004,2022-06-16,4
SCBI_004,2022-06-30,7
SCBI_004,2022-07-14,5
SCBI_004,2022-07-28,8
SCBI_004,2022-08-11,4
SCBI_004,2022-08-25,4
SCBI_004,2022-09-08,2
SCBI_004,2023-04-06,2
SCBI_004,2023-04-20,2
SCBI_004,2023-05-04,2
SCBI_004,2023-05-18,3
SCBI_004,2023-06-15,4
SCBI_004,2023-06-29,3
SCBI_004,2023-07-13,6
SCBI_004,2023-07-27,8
SCBI_004,2023-08-10,2
SCBI_004,2023-08-24,2
SCBI_004,2023-09-07,1
SCBI_004,2023-09-21,1
SCBI_005,2016-04-26,3
SCBI_005,2016-05-10,1
SCBI_005,2016-05-24,2
SCBI_005,2016-06-07,1
SCBI_005,2016-06-21,1
SCBI_005,2016-07-05,1
SCBI_005,2016-07-19,3
SCBI_005,2016-08-16,3
SCBI_005,2016-08-30,1
SCBI_005,2016-09-13,1
SCBI_005,2016-09-27,1
SCBI_005,2017-04-27,2
SCBI_005,2017-05-25,1
SCBI_005,2017-06-08,3
SCBI_005,2017-06-22,4
SCBI_005,2017-07-20,3
SCBI_005,2017-08-03,4
SCBI_005,2017-08-17,1
SCBI_005,2018-04-12,1
SCBI_005,2018-06-21,3
SCBI_005,2018-07-05,2
SCBI_005,2018-07-19,3
SCBI_005,2018-08-02,2
SCBI_005,2018-08-16,1
SCBI_005,2018-08-30,1
SCBI_005,2019-04-11,1
SCBI_005,2019-04-25,1
SCBI_005,2019-05-23,1
SCBI_005,2019-06-06,1
SCBI_005,2019-06-20,3
SCBI_005,2019-07-04,6
SCBI_005,2019-07-18,5
SCBI_005,2019-08-01,4
SCBI_005,2019-08-15,1
SCBI_005,2020-07-02,4
SCBI_005,2020-07-16,7
SCBI_005,2020-07-30,2
SCBI_005,2020-08-13,2
SCBI_005,2021-04-08,1
SCBI_005,2021-04-22,1
SCBI_005,2021-05-06,2
SCBI_005,2021-05-20,2
SCBI_005,2021-06-03,4
SCBI_005,2021-06-17,5
SCBI_005,2021-07-01,3
SCBI_005,2021-07-15,5
SCBI_005,2021-07-29,2
SCBI_005,2021-08-12,3
SCBI_005,2021-08-26,1
SCBI_005,2022-05-05,2
SCBI_005,2022-05-19,3
SCBI_005,2022-06-02,3
SCBI_005,2022-06-16,5
SCBI_005,2022-06-30,2
SCBI_005,2022-07-14,3
SCBI_005,2022-07-28,5
SCBI_005,2022-08-11,3
SCBI_005,2022-08-25,3
SCBI_005,2022-09-08,1
SCBI_005,2023-04-20,1
SCBI_006,2016-04-26,4
SCBI_006,2016-05-10,3
SCBI_006,2016-05-24,2
SCBI_006,2016-06-07,3
SCBI_006,2016-06-21,7
SCBI_006,2016-07-05,5
SCBI_006,2016-07-19,11
SCBI_006,2016-08-02,7
SCBI_006,2016-08-16,1
SCBI_006,2016-08-30,1
SCBI_006,2016-09-27,1
SCBI_006,2017-04-13,1
SCBI_006,2017-05-11,3
SCBI_006,2017-05-25,2
SCBI_006,2017-06-08,6
SCBI_006,2017-06-22,5
SCBI_006,2017-07-06,6
SCBI_006,2017-07-20,4
SCBI_006,2017-08-03,4
SCBI_006,2017-08-17,1
SCBI_006,2017-08-31,2
SCBI_006,2017-09-14,1
SCBI_006,2018-05-10,4
SCBI_006,2018-05-24,2
SCBI_006,2018-06-07,5
SCBI_006,2018-06-21,5
SCBI_006,2018-07-05,5
SCBI_006,2018-07-19,1
SCBI_006,2018-08-02,2
SCBI_006,2018-08-30,2
SCBI_006,2018-09-13,3
SCBI_006,2018-09-27,4
SCBI_006,2019-04-11,1
SCBI_006,2019-04-25,2
SCBI_006,2019-05-09,3
SCBI_006,2019-05-23,6
SCBI_006,2019-06-06,8
SCBI_006,2019-06-20,4
SCBI_006,2019-07-04,6
SCBI_006,2019-07-18,6
SCBI_006,2019-08-01,7
SCBI_006,2019-08-15,1
SCBI_006,2019-08-29,1
SCBI_006,2020-07-02,4
SCBI_006,2020-07-16,2
SCBI_006,2020-07-30,4
SCBI_006,2020-08-13,4
SCBI_006,2020-08-27,2
SCBI_006,2020-09-10,2
SCBI_006,2020-09-24,2
SCBI_006,2021-04-08,1
SCBI_006,2021-04-22,1
SCBI_006,2021-05-06,2
SCBI_006,2021-05-20,4
SCBI_006,2021-06-03,3
SCBI_006,2021-06-17,4
SCBI_006,2021-07-01,7
SCBI_006,2021-07-15,3
SCBI_006,2021-07-29,2
SCBI_006,2021-08-12,2
SCBI_006,2021-08-26,3
SCBI_006,2021-09-09,2
SCBI_006,2021-09-23,1
SCBI_006,2022-04-07,1
SCBI_006,2022-04-21,1
SCBI_006,2022-05-05,2
SCBI_006,2022-05-19,3
SCBI_006,2022-06-02,3
SCBI_006,2022-06-16,3
SCBI_006,2022-06-30,3
SCBI_006,2022-07-14,5
SCBI_006,2022-07-28,3
SCBI_006,2022-08-11,3
SCBI_006,2022-08-25,1
SCBI_006,2023-05-04,1
SCBI_006,2023-05-18,1
SCBI_006,2023-06-01,1
SCBI_006,2023-06-15,4
SCBI_006,2023-06-29,2
SCBI_006,2023-07-13,2
SCBI_006,2023-07-27,4
SCBI_006,2023-08-10,3
SCBI_006,2023-08-24,2
SCBI_007,2016-04-26,1
SCBI_007,2016-05-10,4
SCBI_007,2016-05-24,2
SCBI_007,2016-06-21,1
SCBI_007,2016-07-19,3
SCBI_007,2016-08-16,2
SCBI_007,2016-08-30,1
SCBI_007,2016-09-13,1
SCBI_007,2016-09-27,1
SCBI_007,2017-04-13,1
SCBI_007,2017-04-27,3
SCBI_007,2017-05-11,2
SCBI_007,2017-05-25,3
SCBI_007,2017-06-08,2
SCBI_007,2017-06-22,1
SCBI_007,2017-07-06,5
SCBI_007,2017-07-20,3
SCBI_007,2017-08-03,3
SCBI_007,2017-08-17,1
SCBI_007,2018-04-26,1
SCBI_007,2018-05-24,1
SCBI_007,2018-06-07,2
SCBI_007,2018-06-21,4
SCBI_007,2018-07-05,5
SCBI_007,2018-07-19,2
SCBI_007,2018-08-02,2
SCBI_007,2018-08-16,2
SCBI_007,2018-08-30,4
SCBI_007,2018-09-13,1
SCBI_007,2018-09-27,1
SCBI_007,2019-05-09,3
SCBI_007,2019-05-23,1
SCBI_007,2019-06-06,3
SCBI_007,2019-06-20,3
SCBI_007,2019-07-04,3
SCBI_007,2019-07-18,2
SCBI_007,2020-07-16,1
SCBI_007,2020-08-27,2
SCBI_007,2020-09-10,1
SCBI_007,2020-09-24,3
SCBI_007,2021-04-22,2
SCBI_007,2021-05-06,2
SCBI_007,2021-05-20,3
SCBI_007,2021-06-03,2
SCBI_007,2021-06-17,5
SCBI_007,2021-07-01,2
SCBI_007,2021-07-15,9
SCBI_007,2021-07-29,3
SCBI_007,2021-08-12,2
SCBI_007,2021-08-26,2
SCBI_007,2021-09-09,1
SCBI_007,2021-09-23,1
SCBI_007,2022-06-02,1
SCBI_007,2022-08-11,1
SCBI_007,2022-08-25,1
SCBI_007,2022-09-08,2
SCBI_007,2023-06-15,1
SCBI_007,2023-08-10,2
SCBI_007,2023-08-24,2
SCBI_007,2023-09-07,1
SCBI_008,2016-04-26,7
SCBI_008,2016-05-10,4
SCBI_008,2016-05-24,2
SCBI_008,2016-06-07,2
SCBI_008,2016-06-21,3
SCBI_008,2016-07-05,3
SCBI_008,2016-07-19,2
SCBI_008,2016-08-02,2
SCBI_008,2016-08-16,1
SCBI_008,2016-08-30,1
SCBI_008,2016-09-13,3
SCBI_008,2016-09-27,6
SCBI_008,2017-04-13,3
SCBI_008,2017-04-27,3
SCBI_008,2017-05-11,3
SCBI_008,2017-05-26,2
SCBI_008,2017-06-22,2
SCBI_008,2017-07-06,2
SCBI_008,2017-07-20,1
SCBI_008,2017-08-03,1
SCBI_008,2017-08-17,1
SCBI_008,2017-08-31,3
SCBI_008,2017-09-14,4
SCBI_008,2018-04-26,1
SCBI_008,2018-05-10,3
SCBI_008,2018-05-24,2
SCBI_008,2018-06-07,5
SCBI_008,2018-06-21,4
SCBI_008,2018-07-05,5
SCBI_008,2018-07-19,1
SCBI_008,2018-08-02,5
SCBI_008,2018-08-16,2
SCBI_008,2018-08-30,1
SCBI_008,2018-09-27,3
SCBI_008,2019-04-25,1
SCBI_008,2019-05-09,1
SCBI_008,2019-05-23,2
SCBI_008,2019-06-06,4
SCBI_008,2019-06-20,1
SCBI_008,2019-07-04,2
SCBI_008,2019-07-18,5
SCBI_008,2019-08-01,4
SCBI_008,2019-08-15,3
SCBI_008,2019-08-29,1
SCBI_008,2020-07-16,3
SCBI_008,2020-09-10,1
SCBI_008,2020-09-24,2
SCBI_008,2021-04-22,1
SCBI_008,2021-05-20,2
SCBI_008,2021-06-03,7
SCBI_008,2021-07-01,3
SCBI_008,2021-07-15,2
SCBI_008,2021-07-29,5
SCBI_008,2021-08-12,4
SCBI_008,2021-08-26,4
SCBI_008,2021-09-09,1
SCBI_008,2021-09-23,2
SCBI_008,2022-04-07,1
SCBI_008,2022-04-21,1
SCBI_008,2022-05-05,1
SCBI_008,2022-05-19,4
SCBI_008,2022-06-02,3
SCBI_008,2022-06-16,4
SCBI_008,2022-06-30,2
SCBI_008,2022-07-14,6
SCBI_008,2022-07-28,2
SCBI_008,2022-08-11,2
SCBI_008,2022-08-25,4
SCBI_008,2022-09-08,5
SCBI_008,2023-04-06,3
SCBI_010,2016-05-24,1
SCBI_010,2016-06-07,2
SCBI_010,2016-06-21,1
SCBI_010,2016-08-02,1
SCBI_010,2016-08-16,1
SCBI_010,2016-08-30,2
SCBI_010,2016-09-13,4
SCBI_010,2016-09-27,4
SCBI_010,2017-04-27,2
SCBI_010,2017-05-11,1
SCBI_010,2017-05-25,3
SCBI_010,2017-06-08,4
SCBI_010,2017-06-22,1
SCBI_010,2017-08-03,2
SCBI_010,2017-08-17,1
SCBI_010,2017-08-31,4
SCBI_010,2017-09-14,1
SCBI_010,2017-09-28,2
SCBI_010,2018-06-07,1
SCBI_010,2018-06-21,2
SCBI_010,2018-07-05,4
SCBI_010,2018-08-02,2
SCBI_010,2018-08-16,2
SCBI_010,2018-09-13,2
SCBI_010,2018-09-27,3
SCBI_010,2019-06-06,1
SCBI_010,2019-06-20,1
SCBI_010,2019-07-04,5
SCBI_010,2019-07-18,2
SCBI_010,2019-08-01,2
SCBI_010,2019-08-15,2
SCBI_010,2019-08-29,2
SCBI_010,2019-09-12,2
SCBI_010,2019-09-26,1
SCBI_010,2020-07-30,1
SCBI_010,2020-08-27,1
SCBI_010,2020-09-10,2
SCBI_010,2021-04-22,1
SCBI_010,2021-05-06,3
SCBI_010,2021-06-03,2
SCBI_010,2021-06-17,2
SCBI_010,2021-07-29,1
SCBI_010,2021-08-12,3
SCBI_010,2021-08-26,1
SCBI_010,2021-09-09,4
SCBI_010,2022-04-07,1
SCBI_010,2022-04-21,1
SCBI_010,2022-05-05,1
SCBI_010,2022-06-02,4
SCBI_010,2022-06-16,1
SCBI_010,2022-07-14,1
SCBI_010,2022-07-28,1
SCBI_010,2022-08-25,2
SCBI_010,2022-09-08,2
SCBI_010,2023-04-20,1
SCBI_010,2023-06-01,3
SCBI_010,2023-06-15,9
SCBI_010,2023-07-03,4
SCBI_010,2023-07-13,1
SCBI_010,2023-07-27,6
SCBI_010,2023-08-10,5
SCBI_010,2023-08-24,1
SCBI_010,2023-09-07,2
SCBI_012,2016-05-10,1
SCBI_012,2016-05-24,1
SCBI_012,2016-06-07,2
SCBI_012,2016-06-21,1
SCBI_012,2016-07-05,4
SCBI_012,2016-07-19,5
SCBI_012,2016-08-16,1
SCBI_012,2016-08-30,1
SCBI_012,2016-09-27,2
SCBI_012,2017-04-13,1
SCBI_012,2017-04-27,2
SCBI_012,2017-05-26,1
SCBI_012,2017-06-22,2
SCBI_012,2017-07-06,3
SCBI_012,2017-07-20,1
SCBI_012,2017-08-03,2
SCBI_012,2017-08-17,1
SCBI_012,2017-08-31,1
SCBI_012,2017-09-14,3
SCBI_012,2017-09-28,2
SCBI_012,2018-05-10,1
SCBI_012,2018-05-24,1
SCBI_012,2018-06-07,1
SCBI_012,2018-06-21,2
SCBI_012,2018-07-05,2
SCBI_012,2018-07-19,1
SCBI_012,2018-08-02,3
SCBI_012,2018-08-16,1
SCBI_012,2018-08-30,1
SCBI_012,2018-09-13,1
SCBI_012,2018-09-27,1
SCBI_015,2019-04-11,1
SCBI_015,2019-04-25,3
SCBI_015,2019-05-09,1
SCBI_015,2019-05-23,3
SCBI_015,2019-06-06,2
SCBI_015,2019-06-20,4
SCBI_015,2019-07-18,4
SCBI_015,2019-08-01,3
SCBI_015,2019-08-15,1
SCBI_015,2019-08-29,1
SCBI_015,2019-09-12,2
SCBI_015,2019-09-26,2
SCBI_015,2020-07-02,5
SCBI_015,2020-07-16,1
SCBI_015,2020-08-13,1
SCBI_015,2020-08-27,4
SCBI_015,2020-09-10,2
SCBI_015,2020-09-24,2
SCBI_015,2021-05-06,4
SCBI_015,2021-05-20,3
SCBI_015,2021-06-03,5
SCBI_015,2021-06-17,9
SCBI_015,2021-07-01,4
SCBI_015,2021-07-15,4
SCBI_015,2021-07-29,3
SCBI_015,2021-08-12,7
SCBI_015,2021-08-26,5
SCBI_015,2021-09-09,3
SCBI_015,2021-09-23,4
SCBI_015,2022-04-07,1
SCBI_015,2022-05-05,4
SCBI_015,2022-05-19,2
SCBI_015,2022-06-02,4
SCBI_015,2022-06-16,4
SCBI_015,2022-06-30,3
SCBI_015,2022-07-14,5
SCBI_015,2022-07-28,4
SCBI_015,2022-08-11,7
SCBI_015,2022-08-25,6
SCBI_015,2022-09-08,1
SCBI_017,2019-04-11,1
SCBI_017,2019-04-25,2
SCBI_017,2019-05-09,4
SCBI_017,2019-05-23,3
SCBI_017,2019-06-06,8
SCBI_017,2019-06-20,1
SCBI_017,2019-07-04,3
SCBI_017,2019-07-18,4
SCBI_017,2019-08-01,3
SCBI_017,2019-08-15,4
SCBI_017,2019-08-29,1
SCBI_017,2019-09-12,2
SCBI_017,2020-07-02,5
SCBI_017,2020-08-13,1
SCBI_017,2020-09-10,1
SCBI_017,2021-04-08,1
SCBI_017,2021-04-22,2
SCBI_017,2021-05-06,1
SCBI_017,2021-05-20,1
SCBI_017,2021-06-03,6
SCBI_017,2021-06-17,5
SCBI_017,2021-07-01,2
SCBI_017,2021-07-15,4
SCBI_017,2021-07-29,4
SCBI_017,2021-08-12,6
SCBI_017,2021-08-26,5
SCBI_017,2021-09-09,1
SCBI_017,2022-04-07,1
SCBI_017,2022-04-21,1
SCBI_017,2022-05-05,2
SCBI_017,2022-05-19,1
SCBI_017,2022-06-02,2
SCBI_017,2022-06-30,3
SCBI_017,2022-07-14,1
SCBI_017,2022-07-28,1
SCBI_017,2022-08-11,2
SCBI_017,2022-08-25,3
SCBI_017,2022-09-08,3
SCBI_033,2016-04-26,2
SCBI_033,2016-05-10,1
SCBI_033,2016-05-24,3
SCBI_033,2016-06-07,3
SCBI_033,2016-06-21,1
SCBI_033,2016-07-05,3
SCBI_033,2016-07-19,2
SCBI_033,2016-08-02,1
SCBI_033,2016-08-30,2
SCBI_033,2016-09-13,1
SCBI_033,2016-09-27,2
SCBI_033,2017-04-13,1
SCBI_033,2017-05-25,4
SCBI_033,2017-06-08,2
SCBI_033,2017-06-22,3
SCBI_033,2017-07-06,1
SCBI_033,2017-07-20,4
SCBI_033,2017-08-03,2
SCBI_033,2017-08-17,3
SCBI_033,2017-08-31,1
SCBI_033,2017-09-14,2
SCBI_033,2017-09-28,2
SCBI_033,2018-05-10,1
SCBI_033,2018-06-07,2
SCBI_033,2018-06-21,2
SCBI_033,2018-07-05,3
SCBI_033,2018-07-19,2
SCBI_033,2018-08-02,1
SCBI_033,2018-08-30,2
SCBI_033,2018-09-13,2
